tree,n_asg,n_bact,n_arch,n_euk,asg_mono,n_sub,allasg_sister,has_bact
EP01083P118644,5,61,4,23,False,1,NA,True
EP00359P010065,12,18,0,30,False,1,NA,True
EP00905P007396,6,34,0,30,False,1,NA,True
EP00900P021803,14,33,0,30,False,1,NA,True
EP01156P014116,34,1,0,14,False,1,NA,True
EP00295P011242,5,0,0,30,True,1,NA,False
EP00579P025493,8,0,0,16,True,1,NA,False
EP00308P025474,11,0,0,17,True,1,NA,False
EP00775P005015,5,0,0,10,True,1,NA,False
EP00744P003000,36,0,0,28,False,1,NA,False
EP00315P053905,3,5,0,18,True,1,NA,True
EP01030P003111,15,0,0,18,True,1,NA,False
EP00897P003051,53,0,0,14,False,1,NA,False
EP00240P005514,11,59,0,30,False,1,NA,True
EP00905P005522,10,0,0,21,True,1,NA,False
EP01008P001270,6,0,0,30,True,1,NA,False
EP00679P007706,5,0,0,11,True,1,NA,False
EP00258P050896,7,0,0,20,True,1,NA,False
EP01036P055803,3,0,0,21,False,1,NA,False
EP00131P002038,7,31,0,11,False,1,NA,True
EP00933P064414,31,0,0,30,True,1,NA,False
EP01116P001810,2,13,11,30,False,1,NA,True
EP00835P006141,58,0,0,22,False,1,NA,False
EP00927P052094,17,9,0,30,False,1,NA,True
EP00193P019438,10,1,0,30,True,1,NA,True
EP00828P034735,5,0,0,30,True,1,NA,False
EP01118P013854,3,0,0,30,True,1,NA,False
EP01037P028753,10,0,0,14,True,1,NA,False
EP01037P021388,26,0,0,30,False,1,NA,False
EP00918P021065,5,0,0,15,True,1,NA,False
EP00170P005722,35,0,0,30,False,1,NA,False
EP00122P016393,9,0,0,30,True,1,NA,False
EP01129P006313,19,0,1,30,False,1,NA,False
EP00646P009687,8,1,0,11,False,1,NA,True
EP00306P013074,7,0,0,11,True,1,NA,False
EP00854P019151,34,0,0,30,True,1,NA,False
EP01031P041896,5,0,0,14,True,1,NA,False
EP00203P004048,3,0,0,26,True,1,NA,False
EP00249P022980,2,15,0,11,False,1,NA,True
EP00139P002808,7,0,0,20,False,1,NA,False
EP00595P003636,10,0,0,14,True,1,NA,False
EP01127P021692,9,31,0,17,False,1,NA,True
EP00747P083421,3,8,0,18,True,1,NA,True
EP01036P003586,13,0,0,30,False,1,NA,False
EP00475P018411,12,0,0,30,False,1,NA,False
EP01116P005375,17,53,0,30,False,1,NA,True
EP01031P041616,2,66,2,11,False,1,NA,True
EP00879P021773,7,1,0,14,True,1,NA,True
EP00168P006887,13,0,0,19,False,1,NA,False
EP00241P013101,13,0,0,19,True,1,NA,False
EP01084P198059,3,0,0,16,True,1,NA,False
XP_002284756.1,5,2,0,3,False,1,NA,True
EP00025P001619,3,8,0,13,True,1,NA,True
EP00931P045734,8,0,0,25,True,1,NA,False
EP00955P090173,6,0,0,15,True,1,NA,False
EP01051P010873,12,0,0,11,True,1,NA,False
EP01104P008508,36,0,0,12,False,1,NA,False
EP00549P022769,25,33,0,30,True,1,NA,True
EP00828P029228,3,0,0,30,True,1,NA,False
EP00320P020988,17,53,0,14,False,1,NA,True
EP00966P033478,5,0,0,16,True,1,NA,False
EP00411P048187,3,1,0,26,False,1,NA,True
EP00081P017345,10,54,6,10,False,1,NA,True
EP00039P018061,4,1,0,30,False,1,NA,True
EP00494P032914,5,0,0,21,True,1,NA,False
EP00698P000827,36,0,0,13,True,1,NA,False
EP00655P006008,1,7,0,14,True,1,NA,True
EP00052P020829,9,0,0,12,False,1,NA,False
EP00455P018741,10,0,0,30,False,1,NA,False
EP01041P019972,9,30,0,14,False,1,NA,True
EP00450P022635,10,29,0,28,True,1,NA,True
EP00916P009802,6,1,23,14,False,1,NA,True
EP00456P042804,36,0,0,13,False,1,NA,False
EP00768P001145,2,6,0,30,False,1,NA,True
EP01155P018709,3,0,0,17,True,1,NA,False
EP00058P004096,3,0,0,30,True,1,NA,False
EP01090P013052,20,0,0,30,False,1,NA,False
EP01034P036442,2,15,0,11,False,1,NA,True
EP01136P034416,12,0,0,24,True,1,NA,False
EP00211P013537,3,0,0,30,True,1,NA,False
EP00118P022586,16,7,1,30,False,1,NA,True
EP00914P030710,23,0,0,30,False,1,NA,False
EP01126P051432,5,0,0,29,True,1,NA,False
EP00601P013852,10,0,0,10,False,1,NA,False
EP00306P008596,5,0,0,29,True,1,NA,False
EP00797P011306,19,0,0,20,False,1,NA,False
EP01095P014609,44,0,0,30,True,1,NA,False
EP01126P065772,5,0,0,27,True,1,NA,False
EP01108P002613,9,18,0,30,False,1,NA,True
EP00878P019011,2,1,0,17,False,1,NA,True
EP00582P016228,40,0,0,29,False,1,NA,False
EP00054P011048,9,0,0,25,True,1,NA,False
EP00122P011301,13,0,0,30,False,1,NA,False
EP00063P023897,18,0,34,16,False,1,NA,False
EP00928P073326,9,3,0,14,False,1,NA,True
EP00563P017922,5,17,2,30,False,1,NA,True
EP01035P042930,5,25,0,12,False,1,NA,True
EP00771P004067,15,0,0,30,True,1,NA,False
EP00294P014951,8,0,0,11,True,1,NA,False
EP00667P011674,23,0,0,30,True,1,NA,False
EP00020P002871,16,0,0,14,False,1,NA,False
EP00210P000224,1,21,0,24,True,1,NA,True
EP00414P003148,6,0,1,30,False,1,NA,False
EP00429P079877,24,1,0,14,False,1,NA,True
EP00108P006682,4,10,0,15,True,1,NA,True
EP00811P032999,3,0,0,12,True,1,NA,False
EP01024P047112,2,14,0,30,True,1,NA,True
EP00009P013978,7,0,0,18,True,1,NA,False
EP00418P039434,7,0,0,21,False,1,NA,False
EP00425P007812,13,0,0,29,False,1,NA,False
EP00832P010877,20,0,0,10,False,1,NA,False
EP00563P008363,12,21,0,30,False,1,NA,True
EP01136P018718,7,38,1,19,False,1,NA,True
EP00488P002911,5,0,0,24,False,1,NA,False
EP01050P049630,9,0,0,30,True,1,NA,False
EP01107P015772,7,0,0,20,True,1,NA,False
EP00862P005050,4,0,0,10,True,1,NA,False
EP00797P031565,30,0,0,30,True,1,NA,False
EP01132P010126,20,0,0,10,False,1,NA,False
EP00027P018152,3,67,0,30,False,1,NA,True
EP00479P001843,3,0,0,10,True,1,NA,False
EP00925P003016,11,0,0,12,True,1,NA,False
EP00856P004464,3,0,0,23,True,1,NA,False
EP01121P003177,9,1,1,18,False,1,NA,True
EP01137P032649,3,0,0,30,True,1,NA,False
EP00855P000272,34,0,0,30,True,1,NA,False
EP00806P002252,46,0,0,15,True,1,NA,False
EP00388P016081,1,4,0,19,True,1,NA,True
EP00029P005228,36,0,0,15,True,1,NA,False
EP01104P012130,13,0,0,19,True,1,NA,False
EP00053P013212,44,0,0,10,False,1,NA,False
EP00002P001325,1,3,0,19,True,1,NA,True
EP00147P009908,4,65,0,19,False,1,NA,True
EP00845P007997,51,0,0,30,True,1,NA,False
EP01016P037565,29,0,0,25,True,1,NA,False
EP00801P013647,5,0,0,14,True,1,NA,False
EP00003P032214,51,0,0,30,False,1,NA,False
EP00908P002934,4,2,0,20,True,1,NA,True
EP00530P001161,10,50,9,30,False,1,NA,True
EP01062P062136,4,62,4,14,False,1,NA,True
EP00700P003448,5,0,0,20,True,1,NA,False
EP00193P020710,5,0,0,25,False,1,NA,False
EP00851P008940,5,65,0,30,False,1,NA,True
EP00943P008032,49,0,0,10,False,1,NA,False
EP00076P017092,5,63,2,19,False,1,NA,True
EP01012P019590,6,0,0,20,True,1,NA,False
EP00549P018771,7,0,0,8,False,1,NA,False
EP00518P005390,5,1,0,25,True,1,NA,True
EP00906P012576,5,0,0,19,True,1,NA,False
EP00162P018279,32,0,0,25,False,1,NA,False
EP00474P006695,5,0,0,14,True,1,NA,False
EP00471P003730,10,6,0,30,False,1,NA,True
EP01041P014026,16,0,0,24,False,1,NA,False
EP00465P011667,49,0,0,28,True,1,NA,False
EP00191P024343,7,0,0,30,False,1,NA,False
EP00429P042211,27,0,0,16,False,1,NA,False
EP00211P015980,13,48,0,30,False,1,NA,True
EP00310P016269,18,0,0,30,True,1,NA,False
EP00240P002233,28,0,0,30,True,1,NA,False
EP00656P053092,3,34,0,17,False,1,NA,True
EP00306P000390,5,0,0,10,True,1,NA,False
EP00562P034952,4,66,0,16,False,1,NA,True
EP00401P077653,11,0,0,29,False,1,NA,False
EP00296P009747,6,0,0,30,False,1,NA,False
EP00628P026593,42,0,0,29,True,1,NA,False
EP01097P010560,5,37,0,10,False,1,NA,True
EP01126P039870,5,0,0,14,False,1,NA,False
EP01026P003497,5,1,0,30,True,1,NA,True
EP01060P038583,6,0,0,10,True,1,NA,False
EP00762P002282,3,0,0,22,True,1,NA,False
EP00953P029822,5,0,0,27,True,1,NA,False
EP00284P002590,5,0,0,19,True,1,NA,False
EP00010P006692,25,0,25,30,False,1,NA,False
EP00605P000993,5,0,0,11,True,1,NA,False
EP00193P021999,5,46,2,17,False,1,NA,True
EP00314P023902,3,0,0,30,True,1,NA,False
EP01043P081523,12,0,0,20,True,1,NA,False
EP00206P009517,5,52,12,30,False,1,NA,True
EP01114P014429,13,0,23,12,True,1,NA,False
EP00595P003362,35,24,0,30,False,1,NA,True
EP01087P001491,7,0,0,20,True,1,NA,False
EP00828P036699,16,0,0,17,False,1,NA,False
EP01047P008920,42,0,0,30,True,1,NA,False
EP00294P004889,7,0,0,16,True,1,NA,False
EP00825P000254,14,1,1,18,False,1,NA,True
EP00421P026180,20,47,3,30,False,1,NA,True
KAA6398899.1,34,0,0,30,False,1,NA,False
EP00276P001792,46,0,0,30,False,1,NA,False
EP01126P054569,3,0,0,10,True,1,NA,False
EP01046P019073,5,0,0,13,True,1,NA,False
EP00759P017155,19,0,0,14,False,1,NA,False
EP00561P004440,40,0,0,30,False,1,NA,False
EP00440P067488,7,0,0,18,True,1,NA,False
EP00770P014281,3,0,0,16,True,1,NA,False
EP01022P023553,20,6,0,30,False,1,NA,True
EP00598P014927,13,0,0,12,False,1,NA,False
EP00759P026769,3,18,32,28,False,1,NA,True
EP00921P013786,3,0,0,22,True,1,NA,False
EP00897P008995,31,0,0,28,True,1,NA,False
EP00794P011905,13,0,0,18,True,1,NA,False
EP00504P003481,5,0,0,16,True,1,NA,False
EP00327P028452,25,3,0,12,True,1,NA,True
EP00831P010497,15,0,0,10,False,1,NA,False
EP00295P010470,12,2,0,28,False,1,NA,True
EP01024P065278,10,0,0,25,True,1,NA,False
EP00743P007988,3,0,0,8,True,1,NA,False
EP00472P004192,44,8,0,30,False,1,NA,True
EP00033P006762,9,0,0,27,True,1,NA,False
EP00914P027770,8,0,0,30,False,1,NA,False
EP00164P010883,15,0,0,20,True,1,NA,False
EP00290P036605,16,48,0,14,True,1,NA,True
EP00480P001781,29,0,0,10,False,1,NA,False
EP01032P029339,28,0,0,24,True,1,NA,False
EP01083P134529,3,0,0,20,True,1,NA,False
EP01117P016351,24,0,0,26,True,1,NA,False
EP00361P004373,12,0,0,30,True,1,NA,False
EP01019P002629,5,0,1,14,False,1,NA,False
EP01097P009538,31,0,0,10,True,1,NA,False
EP00299P013190,6,62,2,30,False,1,NA,True
EP00339P024215,9,0,0,15,True,1,NA,False
EP00444P017100,31,2,0,30,False,1,NA,True
EP00846P000087,6,0,0,11,True,1,NA,False
EP00817P006970,5,0,0,14,False,1,NA,False
EP01127P008291,18,0,33,11,False,1,NA,False
EP00824P000685,8,0,0,18,True,1,NA,False
EP00860P001988,7,20,0,30,False,1,NA,True
EP00930P076373,4,62,4,8,False,1,NA,True
EP00163P009323,5,0,0,24,True,1,NA,False
EP00964P061560,11,8,0,3,False,1,NA,True
EP00262P009545,5,0,0,17,True,1,NA,False
EP00656P006707,45,0,0,30,False,1,NA,False
EP01030P000698,6,0,0,18,True,1,NA,False
EP00906P034780,3,0,0,25,True,1,NA,False
EP00768P001726,5,1,0,19,False,1,NA,True
EP00694P007520,6,0,0,23,True,1,NA,False
EP00961P095483,19,0,0,23,False,1,NA,False
EP00009P007871,14,0,0,14,True,1,NA,False
EP00742P012299,4,0,0,13,True,1,NA,False
EP00021P000034,7,57,0,19,False,1,NA,True
EP00260P007506,23,0,0,20,True,1,NA,False
EP00519P006730,14,0,0,30,True,1,NA,False
EP00296P008967,14,0,0,30,False,1,NA,False
EP01130P010075,45,0,0,30,False,1,NA,False
EP00439P023595,33,0,0,19,False,1,NA,False
EP00160P007051,13,0,0,30,False,1,NA,False
EP01155P053680,8,0,0,28,True,1,NA,False
EP00039P009098,9,0,0,14,False,1,NA,False
EP00916P008965,20,3,0,28,False,1,NA,True
EP00526P016920,60,5,0,14,False,1,NA,True
EP00750P003731,9,0,0,11,True,1,NA,False
EP00755P005436,43,0,0,30,True,1,NA,False
EP01090P003725,5,0,0,30,True,1,NA,False
EP01063P039668,2,68,0,30,False,1,NA,True
EP00444P073393,9,54,7,30,False,1,NA,True
EP01146P007322,4,60,4,30,False,1,NA,True
EP00451P014637,1,7,0,15,True,1,NA,True
EP01123P011908,1,10,0,14,True,1,NA,True
EP00755P015375,1,7,0,24,True,1,NA,True
EP00406P077424,20,0,0,18,True,1,NA,False
EP00927P069151,50,3,0,30,False,1,NA,True
EP00405P016661,1,7,0,15,True,1,NA,True
EP00290P012548,10,20,0,17,False,1,NA,True
EP00964P122000,3,0,0,21,True,1,NA,False
EP00579P024668,20,0,0,14,True,1,NA,False
EP00216P002569,8,53,9,30,False,1,NA,True
EP00405P032879,15,0,0,14,True,1,NA,False
EP00804P023870,4,50,0,14,False,1,NA,True
EP01041P025577,5,0,0,30,True,1,NA,False
OLQ02660.1,17,0,0,30,True,1,NA,False
EP00429P088653,3,0,0,24,True,1,NA,False
EP00267P003460,51,0,0,12,False,1,NA,False
EP00434P037668,8,0,0,12,True,1,NA,False
EP00042P028002,25,0,27,16,False,1,NA,False
EP00966P306755,16,0,0,15,False,1,NA,False
EP00746P014083,11,0,0,23,True,1,NA,False
EP00408P061384,8,0,0,30,False,1,NA,False
EP00588P031551,4,0,1,30,False,1,NA,False
EP00521P012097,16,30,0,30,False,1,NA,True
EP00597P000860,36,0,0,29,False,1,NA,False
EP00697P016851,5,0,0,23,True,1,NA,False
EP00201P001686,3,63,4,12,False,1,NA,True
EP00775P001450,2,8,0,29,False,1,NA,True
XP_030855565.1,14,52,3,11,False,1,NA,True
EP00592P027428,5,1,1,30,False,1,NA,True
EP01116P008999,11,1,0,21,False,1,NA,True
EP01002P001399,11,0,0,27,True,1,NA,False
EP01127P019662,20,47,3,30,False,1,NA,True
EP00299P010577,31,0,0,19,True,1,NA,False
EP00472P009158,3,0,0,15,True,1,NA,False
EP00745P008066,17,2,0,30,False,1,NA,True
EP00258P045058,5,0,0,13,False,1,NA,False
EP00300P019633,5,0,0,20,False,1,NA,False
EP00058P004891,3,0,0,13,True,1,NA,False
EP00045P006422,7,1,0,30,True,1,NA,True
EP01102P004301,5,1,0,12,True,1,NA,True
EP01126P037762,27,0,0,13,False,1,NA,False
EP00829P015203,6,0,0,21,True,1,NA,False
EP00731P014197,9,0,0,25,True,1,NA,False
EP01137P036748,3,0,0,23,True,1,NA,False
EP00266P030338,6,20,0,30,False,1,NA,True
EP00217P010601,20,0,0,30,False,1,NA,False
EP00798P017294,24,0,0,16,False,1,NA,False
EP00471P007219,32,28,0,22,False,1,NA,True
EP00003P027750,22,0,0,10,False,1,NA,False
EP00747P041901,5,0,0,19,True,1,NA,False
EP00255P002858,26,0,0,3,False,1,NA,False
EP00250P017730,5,30,0,26,False,1,NA,True
EP00998P012766,15,0,0,19,True,1,NA,False
EP01012P066547,7,0,0,30,True,1,NA,False
XP_002782664.1,5,0,0,21,True,1,NA,False
EP00404P009620,11,0,8,30,False,1,NA,False
EP01025P053936,39,0,0,10,False,1,NA,False
EP00611P014643,10,0,0,13,False,1,NA,False
EP00389P011356,10,0,0,11,False,1,NA,False
EP01083P168131,21,0,0,29,False,1,NA,False
EP00440P056740,34,14,0,30,False,1,NA,True
EP01106P011472,3,0,0,30,True,1,NA,False
EP00996P005668,36,0,0,29,True,1,NA,False
EP00979P012202,59,8,0,12,False,1,NA,True
EP00012P012370,47,0,0,30,False,1,NA,False
EP00658P077599,15,0,0,30,True,1,NA,False
EP00440P009600,3,0,0,11,True,1,NA,False
EP00427P059525,9,33,0,11,False,1,NA,True
EP01041P027656,34,11,0,13,False,1,NA,True
EP00028P013264,23,0,0,17,False,1,NA,False
EP00088P050051,5,0,0,18,True,1,NA,False
EP00252P020659,3,49,0,30,False,1,NA,True
EP00680P011048,22,48,0,21,False,1,NA,True
EP01050P006368,1,8,0,23,True,1,NA,True
EP00192P011019,11,12,0,22,False,1,NA,True
EP00443P045084,11,0,0,10,True,1,NA,False
EP00708P005091,5,0,0,16,True,1,NA,False
PTQ50111.1,14,0,23,16,False,1,NA,False
EP00592P020786,49,0,0,19,False,1,NA,False
EP00659P007029,5,1,0,23,False,1,NA,True
EP00480P021192,5,0,0,24,False,1,NA,False
EP00521P010272,14,0,0,16,True,1,NA,False
EP00223P004719,10,0,25,30,False,1,NA,False
EP00630P007160,59,8,0,22,False,1,NA,True
EP00227P005380,20,34,16,20,False,1,NA,True
EP00450P006019,6,0,0,14,True,1,NA,False
EP00036P007099,4,0,1,10,False,1,NA,False
EP00648P010807,6,0,0,24,False,1,NA,False
EP00042P041710,10,8,0,11,False,1,NA,True
EP00004P015534,7,2,0,10,False,1,NA,True
EP00859P000393,8,56,6,30,False,1,NA,True
EP01083P023452,5,0,0,27,True,1,NA,False
EP00551P011515,1,69,0,13,True,1,NA,True
EP00625P009624,3,0,0,30,True,1,NA,False
EP00850P023796,10,33,0,15,False,1,NA,True
EP00325P033358,14,0,0,13,True,1,NA,False
EP00840P005984,6,0,0,13,True,1,NA,False
EP00246P018339,6,0,0,12,False,1,NA,False
EP00343P003511,5,0,0,30,False,1,NA,False
EP00994P005439,6,0,0,30,True,1,NA,False
EP00004P024682,30,34,0,24,False,1,NA,True
EP00741P003422,3,0,0,12,True,1,NA,False
EP00035P001068,20,0,0,30,True,1,NA,False
EP00293P016214,1,37,0,29,True,1,NA,True
EP01024P064339,13,0,0,17,True,1,NA,False
EP01083P203998,9,3,0,30,False,1,NA,True
EP01037P014010,1,18,0,30,True,1,NA,True
EP00163P019452,19,0,0,30,True,1,NA,False
EP01090P021636,5,0,0,11,True,1,NA,False
EP01052P029972,1,3,0,30,True,1,NA,True
EP01127P015678,3,0,0,12,True,1,NA,False
EP00301P021508,36,0,0,30,False,1,NA,False
EP00949P004126,31,30,0,30,False,1,NA,True
EP00404P058676,39,0,0,6,False,1,NA,False
EP00596P002367,11,0,0,12,True,1,NA,False
EP01121P009594,13,0,0,19,True,1,NA,False
EP00613P002638,3,0,0,20,True,1,NA,False
EP01155P045412,16,0,0,30,False,1,NA,False
EP01035P035536,2,68,0,30,False,1,NA,True
EP00975P063796,33,3,0,30,False,1,NA,True
EP00156P001242,5,0,0,23,False,1,NA,False
EP00038P023597,13,0,0,16,True,1,NA,False
EP01031P045245,24,0,0,11,False,1,NA,False
EP00008P008705,1,7,0,20,True,1,NA,True
EP00212P005619,3,0,0,13,True,1,NA,False
EP00262P017102,47,0,0,13,False,1,NA,False
EP00753P007815,10,1,0,19,True,1,NA,True
EP01124P035159,13,7,1,10,False,1,NA,True
EP00700P001091,6,0,0,30,True,1,NA,False
EP01035P000467,13,57,0,29,False,1,NA,True
EP01032P017151,19,0,0,19,True,1,NA,False
EP01057P002320,3,0,0,24,True,1,NA,False
EP01112P019943,23,0,0,12,True,1,NA,False
EP00600P014689,47,0,0,30,False,1,NA,False
EP00998P012283,10,54,6,30,False,1,NA,True
EP01091P004621,15,52,3,30,False,1,NA,True
EP01116P018905,11,0,0,30,True,1,NA,False
EP00897P000453,7,0,0,23,True,1,NA,False
EP00435P072186,13,0,0,30,True,1,NA,False
EP00825P022000,29,0,0,30,False,1,NA,False
EP00442P002583,18,0,0,14,False,1,NA,False
EP01126P061620,3,0,0,30,True,1,NA,False
EP01104P002610,5,0,0,20,False,1,NA,False
EP00940P001268,9,0,0,15,True,1,NA,False
EP00931P082132,6,0,0,15,True,1,NA,False
SLM39425.1,14,0,0,21,False,1,NA,False
EP00880P004113,27,0,0,20,False,1,NA,False
EP00919P027414,7,0,0,10,True,1,NA,False
EP00231P009471,4,62,4,20,False,1,NA,True
EP00442P055563,44,0,0,29,False,1,NA,False
EP01092P003911,7,0,0,30,False,1,NA,False
EP00746P138260,61,0,0,22,False,1,NA,False
EP00591P008793,1,3,0,10,True,1,NA,True
EP00060P039625,6,1,0,30,False,1,NA,True
EP00587P006758,6,0,0,28,False,1,NA,False
EP01064P009928,61,0,0,25,True,1,NA,False
XP_009027883.1,18,7,1,15,False,1,NA,True
EP00330P010540,1,7,0,22,True,1,NA,True
EP00746P118960,5,0,0,30,True,1,NA,False
EP00019P009455,5,0,0,21,True,1,NA,False
EP00906P007672,21,0,0,13,False,1,NA,False
EP00746P065076,3,0,0,25,True,1,NA,False
EP01118P000209,1,5,0,25,True,1,NA,True
EP00130P003981,11,0,0,12,True,1,NA,False
EP00873P008980,7,1,0,27,False,1,NA,True
EP01036P045617,13,0,0,23,True,1,NA,False
EP00522P001398,6,0,0,30,True,1,NA,False
EP00914P004190,5,0,0,27,True,1,NA,False
EP00658P084005,32,7,1,15,False,1,NA,True
EP00480P026871,28,0,0,27,True,1,NA,False
EP01064P033305,9,0,0,30,True,1,NA,False
EP00747P020610,4,44,0,30,False,1,NA,True
XP_020049442.1,10,1,0,30,False,1,NA,True
EP00698P001415,5,0,0,30,True,1,NA,False
EP00513P009199,36,0,0,10,True,1,NA,False
EP00189P004281,13,49,0,26,False,1,NA,True
EP00834P006098,31,0,0,12,False,1,NA,False
EP01038P011951,16,0,0,20,True,1,NA,False
EP00455P015641,66,0,0,15,False,1,NA,False
EP01006P004499,1,3,0,30,True,1,NA,True
EP00040P008279,3,0,0,20,True,1,NA,False
EP01038P019188,16,0,0,18,True,1,NA,False
EP00831P064816,16,31,23,26,False,1,NA,True
EP01094P017064,8,7,1,10,False,1,NA,True
EP00434P014436,34,0,13,10,False,1,NA,False
XP_015623548.1,1,7,0,30,True,1,NA,True
EP00245P008577,1,8,0,30,True,1,NA,True
EP00300P006740,28,0,0,17,True,1,NA,False
EP00050P012951,10,0,1,30,False,1,NA,False
EP01096P015086,5,0,0,12,True,1,NA,False
EP00600P004979,16,0,0,19,False,1,NA,False
EP00438P017872,65,5,0,22,False,1,NA,True
EP00878P001909,3,0,0,29,True,1,NA,False
EP00285P018604,15,0,0,30,False,1,NA,False
EP00171P010379,14,0,0,12,False,1,NA,False
EP00428P079596,6,64,0,18,False,1,NA,True
EP00850P001854,4,0,1,12,False,1,NA,False
EP01037P026313,15,0,0,30,False,1,NA,False
EP00348P009222,3,0,0,29,True,1,NA,False
EP01117P020721,35,0,0,13,False,1,NA,False
EP00244P006507,45,0,0,28,True,1,NA,False
EP00056P001646,47,0,0,11,False,1,NA,False
EP00164P019753,3,0,0,28,True,1,NA,False
EP00878P046206,9,0,0,30,False,1,NA,False
EP00421P003646,16,0,0,28,False,1,NA,False
EP01036P028186,19,0,0,28,True,1,NA,False
EP00003P025565,60,7,0,12,False,1,NA,True
EP00732P001238,7,63,0,11,False,1,NA,True
EP01104P018600,5,0,0,14,True,1,NA,False
EP00843P018334,3,0,0,30,True,1,NA,False
EP01094P029642,5,0,0,17,True,1,NA,False
EP00916P004843,5,0,0,14,True,1,NA,False
EP00817P005740,64,0,0,30,False,1,NA,False
EP01118P018880,7,0,0,10,True,1,NA,False
EP01091P016034,23,0,0,30,False,1,NA,False
EP00457P007127,6,2,32,13,False,1,NA,True
EP01116P005800,14,52,3,15,False,1,NA,True
EP00924P000039,5,65,0,18,False,1,NA,True
EP00850P000500,1,69,0,12,True,1,NA,True
EP00690P002876,5,0,0,13,True,1,NA,False
EP01006P016485,5,0,0,10,True,1,NA,False
EP01032P038746,24,0,0,27,True,1,NA,False
EP01089P017750,22,1,1,30,False,1,NA,True
EP00290P031510,3,0,0,16,True,1,NA,False
EP01118P012323,3,0,0,25,True,1,NA,False
EP01118P014017,18,0,34,24,False,1,NA,False
EP00298P025159,11,0,0,19,True,1,NA,False
EP00237P008657,50,4,0,30,False,1,NA,True
EP00416P002884,6,0,0,25,True,1,NA,False
EP00679P008712,10,29,0,14,False,1,NA,True
EP00418P021332,13,54,3,27,False,1,NA,True
EP00301P022800,3,0,29,30,True,1,NA,False
EP00741P021804,9,18,0,18,False,1,NA,True
EP00825P033942,55,3,0,29,False,1,NA,True
EP01120P011625,6,28,0,30,False,1,NA,True
EP01089P015260,13,0,0,16,True,1,NA,False
EP00918P047626,4,0,24,23,False,1,NA,False
EP01048P006567,40,3,0,11,False,1,NA,True
EP01027P027425,3,0,0,30,True,1,NA,False
EP00904P013886,6,0,0,16,True,1,NA,False
EP01035P066155,5,17,0,30,False,1,NA,True
EP00945P008909,30,0,0,10,True,1,NA,False
EP00408P068519,37,0,0,18,True,1,NA,False
EP00156P002510,3,0,0,22,True,1,NA,False
EP01136P010912,6,63,0,12,False,1,NA,True
EP00440P021257,1,13,0,30,True,1,NA,True
EP00608P008386,22,0,0,15,False,1,NA,False
EP00504P001136,45,0,0,28,False,1,NA,False
EP01137P021310,1,6,0,14,True,1,NA,True
EP00069P016333,3,0,0,30,True,1,NA,False
EP00003P000893,1,20,0,30,True,1,NA,True
EP00958P000170,3,0,0,20,True,1,NA,False
EP00698P015388,22,45,0,29,False,1,NA,True
EP00658P020025,41,0,0,10,False,1,NA,False
EP00760P007313,31,0,0,30,True,1,NA,False
EP00891P006539,9,1,0,10,False,1,NA,True
EP01115P001134,66,0,1,12,False,1,NA,False
EP00771P001974,9,38,0,30,False,1,NA,True
EP01101P011241,32,0,0,11,False,1,NA,False
EP00882P005981,8,0,0,30,True,1,NA,False
EP00343P002866,1,3,0,13,True,1,NA,True
EP01116P004834,13,0,0,30,True,1,NA,False
EP00043P007439,5,0,0,18,True,1,NA,False
EP00942P015368,13,0,0,30,False,1,NA,False
EP00797P015959,7,4,0,16,False,1,NA,True
EP01136P000143,3,11,0,30,False,1,NA,True
EP01029P011616,6,1,0,11,True,1,NA,True
EP00123P010509,1,0,9,30,True,1,NA,False
EP00323P011629,18,0,0,30,False,1,NA,False
EP00362P001061,2,0,16,21,False,1,NA,False
EP00613P000233,26,0,0,25,False,1,NA,False
EP00449P011992,3,0,0,30,True,1,NA,False
EP00013P025877,16,54,0,30,False,1,NA,True
EP00276P008869,20,0,0,24,False,1,NA,False
EP00494P000252,44,0,0,30,False,1,NA,False
EP00191P021050,5,0,0,18,True,1,NA,False
EP00456P056395,47,0,0,18,False,1,NA,False
EP00795P002831,6,37,2,10,False,1,NA,True
EP01088P014257,3,0,0,25,True,1,NA,False
EP00462P009795,3,0,29,30,False,1,NA,False
EP00540P005694,7,0,0,12,False,1,NA,False
EP00126P002343,6,41,0,17,False,1,NA,True
EP01033P015261,1,14,0,30,True,1,NA,True
EP00769P001957,10,0,0,14,True,1,NA,False
EP00316P020225,18,1,0,25,False,1,NA,True
EP00753P014966,36,0,0,13,False,1,NA,False
EP00732P002800,5,4,0,18,True,1,NA,True
EP00164P021126,7,0,0,14,True,1,NA,False
EP01104P014502,1,8,0,27,True,1,NA,True
EP01084P215437,5,0,0,27,True,1,NA,False
EP00889P005128,3,9,0,19,False,1,NA,True
EP00001P000983,4,66,0,15,False,1,NA,True
EP00005P002764,9,31,5,11,False,1,NA,True
EP01012P031975,9,0,0,15,False,1,NA,False
EP00440P017750,4,61,3,30,False,1,NA,True
EP00246P010007,58,0,0,11,True,1,NA,False
EP01035P014889,6,0,0,13,False,1,NA,False
EP00265P014306,3,9,0,13,False,1,NA,True
EP01084P168312,34,0,0,29,False,1,NA,False
EP00035P020890,26,24,0,23,True,1,NA,True
EP00450P007087,2,64,4,30,False,1,NA,True
EP01105P028809,3,0,0,24,True,1,NA,False
EP00418P036471,4,60,6,7,False,1,NA,True
EP00906P025469,7,0,0,30,True,1,NA,False
EP00658P000769,8,10,0,15,False,1,NA,True
EPZ31831.1,44,0,0,10,False,1,NA,False
EP00578P030374,15,0,0,18,False,1,NA,False
EP01096P013443,1,0,24,27,True,1,NA,False
EP00551P015740,18,52,0,17,False,1,NA,True
EP01024P001699,44,0,0,16,False,1,NA,False
EP01038P005718,11,0,0,19,True,1,NA,False
EP01056P000924,1,19,0,30,True,1,NA,True
EP00004P016900,3,0,0,30,True,1,NA,False
EP01027P022658,5,0,0,24,False,1,NA,False
EP00237P011180,43,3,0,29,False,1,NA,True
EP00746P091515,10,8,0,13,False,1,NA,True
EP00310P016621,4,2,0,20,False,1,NA,True
EP00205P004996,2,20,0,30,False,1,NA,True
EP00660P005562,5,0,0,30,True,1,NA,False
EP00585P014859,1,3,0,14,True,1,NA,True
EP00960P030963,14,0,0,22,False,1,NA,False
EP01083P052273,20,0,0,10,False,1,NA,False
EP00098P000625,13,0,0,4,True,1,NA,False
EP00743P018269,28,0,0,30,False,1,NA,False
EP01006P023983,40,0,0,12,False,1,NA,False
EP01113P020397,15,0,0,30,False,1,NA,False
EP01080P004891,19,0,0,15,True,1,NA,False
EP00744P010929,24,1,0,30,False,1,NA,True
EP00668P048094,4,0,1,30,False,1,NA,False
EP01006P029443,11,6,0,21,False,1,NA,True
XP_020048849.1,11,59,0,10,False,1,NA,True
EP00339P010924,31,0,0,30,True,1,NA,False
EP00411P089825,8,16,0,30,False,1,NA,True
EP00467P006115,8,62,0,26,False,1,NA,True
EP00147P006353,20,36,0,18,False,1,NA,True
EP00443P008719,6,59,5,17,False,1,NA,True
EP00874P005093,3,0,0,23,True,1,NA,False
EP00207P004198,10,14,0,30,False,1,NA,True
EP00300P004965,2,15,0,30,False,1,NA,True
EP00875P010812,3,0,0,28,True,1,NA,False
EP00440P038037,9,0,0,12,True,1,NA,False
EP00979P012089,10,7,1,26,False,1,NA,True
EP01046P002849,6,0,0,30,True,1,NA,False
EP00843P019139,44,0,0,24,True,1,NA,False
EP00416P047088,44,0,0,23,True,1,NA,False
EP00029P009512,1,10,0,13,True,1,NA,True
EP00986P013031,13,0,0,30,False,1,NA,False
EP00038P020433,19,0,0,30,True,1,NA,False
EP00921P012053,4,0,11,19,False,1,NA,False
EP00440P070774,18,49,3,17,False,1,NA,True
EP01028P013896,67,0,0,13,False,1,NA,False
EP00126P000803,48,0,0,12,False,1,NA,False
EP00848P003691,3,0,0,20,True,1,NA,False
EP01116P017308,3,0,0,30,True,1,NA,False
EP01022P007673,10,0,0,30,False,1,NA,False
EP01156P011188,39,6,0,30,False,1,NA,True
EP00918P052445,9,1,9,30,False,1,NA,True
EP00897P009956,10,0,0,30,False,1,NA,False
EP01124P010979,10,29,0,22,False,1,NA,True
EP00825P029832,10,0,0,30,False,1,NA,False
EP01066P010135,42,0,0,30,False,1,NA,False
EP00913P020855,5,0,0,14,True,1,NA,False
EP01017P033676,4,0,1,30,True,1,NA,False
EP01023P051884,25,0,0,30,False,1,NA,False
EP00686P002287,1,20,0,11,True,1,NA,True
EP00087P011495,1,14,0,30,True,1,NA,True
EP01155P013284,37,0,0,14,True,1,NA,False
EP00198P011872,19,9,0,19,True,1,NA,True
XP_014147305.1,16,0,0,12,False,1,NA,False
EP00918P073981,8,0,0,17,True,1,NA,False
EP00242P012375,51,0,0,30,True,1,NA,False
EP01047P034981,7,0,0,17,True,1,NA,False
EP00295P001891,5,0,0,30,False,1,NA,False
EP00315P025653,8,0,0,30,True,1,NA,False
EP00052P014333,24,0,0,17,True,1,NA,False
EP00932P011427,31,0,0,30,False,1,NA,False
EP00813P009960,59,4,0,21,False,1,NA,True
EP00042P048085,7,0,0,12,True,1,NA,False
EP00697P016258,16,0,0,15,False,1,NA,False
EP01039P016861,15,0,0,10,True,1,NA,False
EP01110P011116,11,8,2,30,False,1,NA,True
EP00330P002140,39,20,0,30,False,1,NA,True
EP00421P065507,46,0,0,17,False,1,NA,False
EP00672P028238,1,69,0,30,True,1,NA,True
EP00170P009190,6,62,2,30,False,1,NA,True
EP00873P045080,7,1,0,27,True,1,NA,True
EP00264P149701,57,1,0,11,False,1,NA,True
EP00369P002115,27,0,0,30,False,1,NA,False
EP01046P020005,40,0,0,30,False,1,NA,False
RWR77650.1,15,0,0,30,False,1,NA,False
EP00467P012903,16,0,0,30,False,1,NA,False
EP00187P011381,1,7,0,30,True,1,NA,True
XP_639156.1,5,30,0,20,False,1,NA,True
EP00484P030642,7,55,0,17,True,1,NA,True
EP00652P012793,8,56,6,30,False,1,NA,True
EP00008P011598,19,0,0,29,False,1,NA,False
EP00093P010055,3,0,0,9,True,1,NA,False
EP01106P013227,5,0,0,19,False,1,NA,False
EP00736P006941,65,0,0,16,False,1,NA,False
EP00913P020912,9,2,0,13,False,1,NA,True
EP00031P002355,12,0,0,25,False,1,NA,False
EP01136P029291,8,0,0,30,True,1,NA,False
XP_030837545.1,16,0,0,5,False,1,NA,False
EP00670P009434,3,0,0,15,True,1,NA,False
XP_032228117.1,5,0,0,10,True,1,NA,False
EP00857P003935,1,10,0,12,True,1,NA,True
EP00308P022384,14,0,0,20,False,1,NA,False
EP00074P085185,10,0,0,30,True,1,NA,False
EP00160P006566,6,2,0,30,True,1,NA,True
EP01083P003312,3,0,0,30,True,1,NA,False
XP_001302699.1,30,0,0,30,False,1,NA,False
EP00264P074206,6,0,0,29,True,1,NA,False
EP00428P077916,8,18,0,27,False,1,NA,True
EP01084P135775,9,0,0,12,False,1,NA,False
EP00066P022214,7,0,14,26,False,1,NA,False
EP00545P001460,22,0,0,26,True,1,NA,False
EP00548P015691,10,0,0,25,True,1,NA,False
EP01015P033362,6,0,16,16,True,1,NA,False
EP00636P001456,1,3,0,29,True,1,NA,True
EP01105P022716,13,0,0,21,True,1,NA,False
EP00616P017253,3,0,0,27,True,1,NA,False
EP00706P004540,1,7,0,30,True,1,NA,True
EP00611P015019,13,0,0,24,True,1,NA,False
EP00845P007060,29,0,41,21,False,1,NA,False
EP00951P047949,4,0,0,10,True,1,NA,False
EP00294P011152,8,62,0,10,False,1,NA,True
XP_009016963.1,5,0,0,24,False,1,NA,False
EP01042P017640,6,0,0,30,True,1,NA,False
EP00348P013515,5,52,12,30,False,1,NA,True
EP00373P002583,2,65,3,30,True,1,NA,True
EP01028P011449,36,0,0,11,False,1,NA,False
EP01087P002023,5,0,0,30,True,1,NA,False
EP00054P009043,23,0,0,29,True,1,NA,False
EP00386P002386,17,0,0,30,True,1,NA,False
EP00998P009080,10,0,0,19,False,1,NA,False
EP00475P043208,20,0,0,20,True,1,NA,False
EP00943P002132,8,20,0,28,False,1,NA,True
EP00552P001841,5,1,0,12,True,1,NA,True
XP_009292028.1,1,42,0,22,True,1,NA,True
EP00831P015518,1,18,0,29,True,1,NA,True
EP00672P017879,4,65,1,9,False,1,NA,True
EP00333P014782,9,34,0,16,False,1,NA,True
EP00041P029543,34,0,0,13,True,1,NA,False
EP00815P001383,11,0,0,16,True,1,NA,False
EP00887P003368,3,0,0,17,True,1,NA,False
EP00173P003317,8,2,0,13,False,1,NA,True
EP00806P003950,15,2,0,21,False,1,NA,True
EP00906P012178,26,0,0,30,False,1,NA,False
EP00883P011253,3,0,0,19,True,1,NA,False
EP01025P056367,41,0,0,27,False,1,NA,False
EP00727P013276,3,0,0,15,True,1,NA,False
EP00828P038792,7,1,0,30,False,1,NA,True
EP00895P013447,5,0,2,29,False,1,NA,False
EP01155P011168,21,0,0,30,True,1,NA,False
EP00027P006111,55,0,0,30,False,1,NA,False
EP00740P005038,67,0,0,10,False,1,NA,False
EP00211P001872,7,1,0,17,False,1,NA,True
EP01042P021980,5,0,0,15,False,1,NA,False
EP00104P021043,3,0,0,20,True,1,NA,False
EP00823P009396,8,0,0,10,False,1,NA,False
EP00179P010749,3,0,0,23,True,1,NA,False
EP01013P011384,3,0,0,13,True,1,NA,False
EP00746P146528,11,0,0,18,True,1,NA,False
EP00268P044491,6,0,0,30,False,1,NA,False
EP00306P006682,20,0,0,22,True,1,NA,False
EP01104P006196,6,1,0,11,False,1,NA,True
EP00102P023142,35,0,0,30,True,1,NA,False
EP00882P016479,5,0,0,12,True,1,NA,False
EP00279P005093,3,0,0,29,True,1,NA,False
EP00622P000135,11,0,0,30,False,1,NA,False
EP01136P004480,10,3,0,28,False,1,NA,True
EP01036P035538,29,0,13,28,False,1,NA,False
EP01084P063306,66,0,0,5,False,1,NA,False
EP00731P018452,1,0,24,30,True,1,NA,False
EP01029P026864,62,0,0,16,False,1,NA,False
EP00031P000343,18,4,0,15,False,1,NA,True
EP00070P036388,13,0,0,11,False,1,NA,False
EP00879P014952,3,0,0,30,True,1,NA,False
EP00596P010225,3,5,0,12,True,1,NA,True
EP00930P090984,1,3,0,20,True,1,NA,True
EP01031P002854,13,0,0,30,False,1,NA,False
XP_783035.2,63,0,0,30,True,1,NA,False
EP00601P022198,3,1,0,12,True,1,NA,True
EP00448P038487,68,1,0,12,False,1,NA,True
EP00834P007850,8,0,0,16,True,1,NA,False
EP00733P001760,10,2,0,30,False,1,NA,True
EP01006P034203,24,0,0,30,True,1,NA,False
EP00193P005220,20,13,0,12,False,1,NA,True
EP00286P005313,40,0,0,20,True,1,NA,False
EP00671P012835,13,0,0,30,True,1,NA,False
EP01113P038903,3,0,0,30,True,1,NA,False
EP00265P010053,30,0,0,19,False,1,NA,False
EP00187P008333,3,65,1,30,False,1,NA,True
EP01083P141836,36,0,0,10,False,1,NA,False
EP00659P015442,9,0,0,26,True,1,NA,False
EP00587P010304,13,0,0,17,False,1,NA,False
EP00255P006045,40,7,0,12,False,1,NA,True
EP00163P012375,1,7,0,26,True,1,NA,True
EP00955P071203,5,0,0,16,True,1,NA,False
EP01098P016270,5,9,0,11,False,1,NA,True
EP00828P030925,3,67,0,30,False,1,NA,True
EP01006P018399,43,0,0,21,False,1,NA,False
EP00113P004394,14,0,0,6,True,1,NA,False
EP00310P008038,5,0,0,21,True,1,NA,False
EP01084P178054,16,0,0,13,False,1,NA,False
XP_026410951.1,27,0,0,30,False,1,NA,False
EP00164P010722,5,0,0,10,False,1,NA,False
EP00058P018970,22,0,0,17,True,1,NA,False
EP00164P006502,12,32,0,22,False,1,NA,True
EP00006P009574,1,3,0,14,True,1,NA,True
EP00960P015274,3,0,0,12,True,1,NA,False
EP00960P046830,11,7,0,15,False,1,NA,True
EP00058P016963,1,0,2,30,True,1,NA,False
EP00658P062569,6,0,0,27,True,1,NA,False
EP00438P033148,13,57,0,26,False,1,NA,True
EP01042P014872,16,0,0,30,False,1,NA,False
EP00301P022808,9,0,0,24,True,1,NA,False
EP00928P031742,43,0,0,30,True,1,NA,False
EP00455P017254,11,45,10,11,False,1,NA,True
EP01138P011660,63,0,0,30,False,1,NA,False
EP00013P008722,27,0,0,20,True,1,NA,False
EP00462P013877,6,15,0,30,False,1,NA,True
GBG66942.1,17,1,0,14,False,1,NA,True
EP00499P006046,5,0,0,10,True,1,NA,False
XP_025882421.1,22,0,0,21,True,1,NA,False
EP00179P013354,3,0,0,30,True,1,NA,False
EP00967P159256,9,0,0,30,True,1,NA,False
EP00229P009282,3,63,4,17,False,1,NA,True
EP01122P002669,39,0,0,30,True,1,NA,False
EP00240P007768,27,0,0,30,False,1,NA,False
EP01084P192915,34,14,0,6,False,1,NA,True
EP00439P041112,10,8,0,13,False,1,NA,True
EP00756P063174,12,0,0,25,True,1,NA,False
EP00883P006620,4,58,0,30,True,1,NA,True
EP00531P013334,22,0,0,20,False,1,NA,False
EP00435P017383,27,0,0,24,False,1,NA,False
EP01053P005321,10,1,0,10,False,1,NA,True
EP00147P007857,9,0,0,12,True,1,NA,False
EP00117P013546,14,10,0,30,False,1,NA,True
OAD05076.1,10,0,15,29,False,1,NA,False
EP00513P006263,11,0,0,11,True,1,NA,False
EP01026P022045,6,15,0,10,False,1,NA,True
EP00316P020144,10,29,0,29,False,1,NA,True
EP00199P001926,9,2,0,30,False,1,NA,True
EP01025P015514,5,0,0,20,True,1,NA,False
EP01155P052385,10,1,0,27,False,1,NA,True
EP01103P002927,20,1,0,12,False,1,NA,True
EP01062P024893,5,30,0,22,False,1,NA,True
EP01095P012028,3,0,0,26,True,1,NA,False
EP00962P041974,5,0,0,14,False,1,NA,False
EP00882P002512,8,0,0,30,False,1,NA,False
EP00563P021114,13,0,0,30,True,1,NA,False
EP01061P011255,9,38,0,13,False,1,NA,True
EP01038P010827,9,2,0,10,False,1,NA,True
EP00444P019494,5,3,0,15,False,1,NA,True
EP00475P008059,31,0,0,29,True,1,NA,False
EP00087P011319,13,49,0,30,False,1,NA,True
EP00705P047004,5,0,0,22,False,1,NA,False
EP00863P005512,28,0,0,15,True,1,NA,False
EP00057P034712,9,0,0,14,True,1,NA,False
EP00264P160922,6,0,2,27,False,1,NA,False
EP00455P013516,44,0,0,15,False,1,NA,False
EP01083P248952,11,0,0,16,False,1,NA,False
EP00406P072608,9,0,0,17,True,1,NA,False
EP00698P023557,4,5,0,11,True,1,NA,True
EP00931P012730,16,0,0,15,True,1,NA,False
EP00958P016721,8,0,0,17,False,1,NA,False
EP00002P030872,9,0,24,30,False,1,NA,False
EP00347P021898,12,6,0,29,False,1,NA,True
EP01112P008395,4,0,0,30,True,1,NA,False
EP00499P009639,9,0,0,30,False,1,NA,False
EP00945P008806,3,63,4,26,False,1,NA,True
EP00594P014100,8,33,0,11,False,1,NA,True
EP00512P009894,3,0,0,30,True,1,NA,False
EP01022P035841,7,2,0,21,False,1,NA,True
EP00250P000168,13,0,0,6,False,1,NA,False
EP00053P005473,3,0,0,30,True,1,NA,False
EP01016P026664,5,0,0,30,True,1,NA,False
EP00754P006438,24,0,0,19,True,1,NA,False
EP01104P019583,25,0,0,21,True,1,NA,False
EP00632P007985,47,0,0,25,False,1,NA,False
EP00978P044918,5,0,0,30,False,1,NA,False
EP00825P008640,3,0,0,18,True,1,NA,False
EP00419P039549,7,2,0,11,False,1,NA,True
EP00145P001021,3,0,0,25,True,1,NA,False
EP00956P043258,15,0,0,14,True,1,NA,False
EP00072P052062,5,3,0,21,False,1,NA,True
EP00285P018454,51,0,0,30,True,1,NA,False
EP01037P008901,11,59,0,27,False,1,NA,True
EP00622P005674,5,0,0,30,True,1,NA,False
EP00480P015896,38,0,0,13,False,1,NA,False
EP01084P014397,7,34,5,21,False,1,NA,True
EP00128P006569,5,65,0,30,False,1,NA,True
EP00871P004814,24,3,0,11,False,1,NA,True
EP00192P020597,5,1,0,30,False,1,NA,True
EP00537P002945,2,0,16,15,False,1,NA,False
EP00812P009420,31,0,0,30,True,1,NA,False
EP01041P028656,3,12,0,10,False,1,NA,True
EP00732P001352,2,23,9,8,False,1,NA,True
EP00279P005903,12,0,0,18,False,1,NA,False
EP00876P012336,27,3,0,23,False,1,NA,True
EP00451P054270,1,13,0,15,True,1,NA,True
EP00611P002138,1,7,0,11,True,1,NA,True
EP00823P005318,8,1,0,30,False,1,NA,True
EP01119P013491,3,0,0,30,True,1,NA,False
EP00953P014436,2,67,1,30,False,1,NA,True
EP01102P022563,1,3,0,23,True,1,NA,True
EP00465P014661,6,1,27,30,False,1,NA,True
EP00729P014988,5,0,0,26,False,1,NA,False
EP01052P056444,4,0,0,20,True,1,NA,False
EP00630P001894,10,21,0,13,False,1,NA,True
EP01004P007423,10,6,0,29,False,1,NA,True
EP00864P001225,22,0,0,27,True,1,NA,False
EP00009P017320,6,62,2,30,False,1,NA,True
EP00093P010468,1,0,24,29,True,1,NA,False
EP01041P018193,47,3,0,17,False,1,NA,True
EP01119P012315,10,0,0,14,True,1,NA,False
EP00435P078442,26,0,0,8,False,1,NA,False
EP01138P003405,5,23,0,23,False,1,NA,True
EP01042P010497,23,0,0,10,False,1,NA,False
EP00040P044618,13,0,0,25,True,1,NA,False
EP00295P029949,5,0,0,20,False,1,NA,False
EP00747P050258,13,0,0,25,True,1,NA,False
EP00826P027009,3,60,7,27,False,1,NA,True
EP01002P004831,8,49,4,30,False,1,NA,True
EP01037P045088,5,0,0,29,True,1,NA,False
EP00936P001714,12,30,0,30,False,1,NA,True
EP00060P006796,2,15,0,15,False,1,NA,True
EP00437P034073,24,3,0,20,False,1,NA,True
XP_019077067.1,19,0,0,17,True,1,NA,False
XP_011514575.1,3,0,0,26,True,1,NA,False
EP00544P012463,53,0,0,10,False,1,NA,False
EP00456P011949,2,17,0,16,False,1,NA,True
EP01133P022886,1,23,0,10,True,1,NA,True
EP00446P015549,3,0,0,20,True,1,NA,False
EP00908P021496,5,10,0,30,False,1,NA,True
EP00443P101453,36,0,0,29,False,1,NA,False
EP01102P008335,43,0,0,12,False,1,NA,False
EP00766P006545,3,0,0,15,True,1,NA,False
EP00879P026292,12,0,0,16,True,1,NA,False
EP01036P001979,5,3,0,10,False,1,NA,True
EP00843P004860,7,6,0,26,False,1,NA,True
EP00931P104220,46,0,0,30,False,1,NA,False
EP00192P000069,8,0,0,24,True,1,NA,False
EP00828P036032,5,0,0,10,False,1,NA,False
EP00217P003844,4,0,22,28,False,1,NA,False
EP00792P013817,7,0,0,17,False,1,NA,False
EP00652P006209,3,0,0,12,True,1,NA,False
EP00163P028129,7,0,0,30,True,1,NA,False
EP01094P014280,12,0,0,30,True,1,NA,False
EP01028P011457,19,0,0,10,True,1,NA,False
EP00277P016487,4,66,0,28,False,1,NA,True
EP01084P151286,3,9,0,15,False,1,NA,True
EP00704P007994,3,0,0,18,True,1,NA,False
EP00092P055365,40,0,0,28,True,1,NA,False
EP01083P001220,3,65,2,30,False,1,NA,True
EP00323P009640,8,1,0,18,True,1,NA,True
EP00826P065937,3,0,0,29,True,1,NA,False
EP00326P013927,9,0,0,22,True,1,NA,False
EP00455P040470,9,0,0,20,True,1,NA,False
EP01017P004217,3,0,0,14,True,1,NA,False
EP00004P012462,3,0,0,13,True,1,NA,False
EP00195P015578,12,0,0,30,False,1,NA,False
EP01065P012177,2,5,20,30,False,1,NA,True
EP00668P041474,36,0,0,20,False,1,NA,False
EP00658P010836,32,0,0,16,False,1,NA,False
XP_004337118.1,3,0,0,30,True,1,NA,False
EP00187P003964,5,62,3,20,False,1,NA,True
EP00300P040539,1,7,0,29,True,1,NA,True
EP00548P011369,3,0,0,25,True,1,NA,False
EP00401P016828,2,65,3,23,False,1,NA,True
EP01023P019377,17,0,0,30,False,1,NA,False
EP01016P043849,11,0,1,30,False,1,NA,False
EP00029P014391,7,0,0,22,True,1,NA,False
RWR78054.1,15,0,0,17,False,1,NA,False
EP00704P014456,10,0,0,30,True,1,NA,False
EP00068P000985,7,0,0,12,True,1,NA,False
EP01084P282786,3,7,0,17,False,1,NA,True
EP01036P060920,6,0,0,13,True,1,NA,False
EP00285P006084,7,0,0,12,False,1,NA,False
EP00409P000514,3,0,0,18,True,1,NA,False
EP00268P051051,9,60,1,30,False,1,NA,True
EP00206P008981,17,34,0,14,False,1,NA,True
EP00451P031040,3,0,0,17,True,1,NA,False
EP00401P041084,2,15,0,20,False,1,NA,True
EP01029P007899,8,5,0,22,False,1,NA,True
EP00411P010081,43,3,0,9,True,1,NA,True
EP00195P017921,10,0,0,14,True,1,NA,False
EP00954P024569,45,0,0,30,False,1,NA,False
EP01025P068321,11,0,0,30,False,1,NA,False
XP_012488108.1,13,4,0,3,False,1,NA,True
EP01038P006011,4,33,0,29,False,1,NA,True
EP00833P003754,55,0,0,30,True,1,NA,False
EP01117P015082,14,0,0,26,False,1,NA,False
EP00428P035607,7,0,0,23,False,1,NA,False
EP00349P012437,36,0,0,11,True,1,NA,False
EP00069P005465,3,0,0,15,True,1,NA,False
EP01125P001481,10,1,0,13,False,1,NA,True
EP00845P009063,6,1,0,29,True,1,NA,True
EP00708P000530,53,0,0,30,False,1,NA,False
EP00825P013461,5,0,0,26,False,1,NA,False
EP00388P013640,16,0,0,13,True,1,NA,False
EP01084P230299,6,11,0,19,False,1,NA,True
EP01098P001142,14,21,0,30,False,1,NA,True
XP_020044293.1,70,0,0,11,False,1,NA,False
EP00083P005921,10,8,0,30,False,1,NA,True
EP00348P014790,7,0,0,13,True,1,NA,False
EP00050P007205,3,0,27,30,False,1,NA,False
EP00123P008985,40,0,0,21,False,1,NA,False
EP00192P005067,5,0,0,23,False,1,NA,False
EP01085P000173,3,0,0,29,True,1,NA,False
EP00757P008018,33,0,0,10,True,1,NA,False
EP00844P002416,3,0,0,30,True,1,NA,False
EP00386P012778,5,10,0,28,False,1,NA,True
EP00434P041443,17,0,0,14,True,1,NA,False
EP00264P146292,29,0,0,30,True,1,NA,False
EP00378P001190,15,0,0,30,True,1,NA,False
EP01110P006963,36,0,0,17,True,1,NA,False
EP00494P024234,7,0,28,13,False,1,NA,False
EP00397P054511,18,52,0,16,False,1,NA,True
EP00252P006912,3,0,0,30,True,1,NA,False
EP00937P000713,49,0,0,20,True,1,NA,False
EP00323P002483,11,0,0,20,False,1,NA,False
EP01030P006559,12,6,0,10,False,1,NA,True
EP00797P020959,9,16,0,15,False,1,NA,True
EP00010P002231,3,0,0,30,True,1,NA,False
EP00889P000347,39,0,0,10,False,1,NA,False
EP00634P014408,2,67,1,30,False,1,NA,True
EP00597P012239,10,47,13,30,False,1,NA,True
EP00750P014409,14,0,0,11,False,1,NA,False
EP00456P034547,6,0,0,28,True,1,NA,False
EP01034P018722,7,0,0,10,True,1,NA,False
EP00961P179307,16,0,0,9,True,1,NA,False
EP00456P062778,48,0,0,22,False,1,NA,False
EP00088P015807,59,0,0,30,True,1,NA,False
EP01155P025689,7,0,0,11,False,1,NA,False
EP01049P009618,35,0,0,10,False,1,NA,False
EP00618P000963,5,62,3,13,False,1,NA,True
EP00301P010273,3,0,0,30,True,1,NA,False
EP00613P034563,12,1,0,24,False,1,NA,True
EP00403P049397,48,0,0,30,True,1,NA,False
EP00160P009338,10,0,0,12,False,1,NA,False
EP00462P007149,3,0,0,10,True,1,NA,False
RKP22162.1,11,0,0,29,True,1,NA,False
EP01013P041105,3,0,0,30,True,1,NA,False
EP00708P000905,5,0,0,16,False,1,NA,False
EP01039P021079,1,3,0,10,True,1,NA,True
EP00047P020622,16,0,1,27,False,1,NA,False
EP01126P044650,29,0,0,27,True,1,NA,False
EP01012P061201,10,0,0,12,False,1,NA,False
EP00270P001271,1,43,0,30,True,1,NA,True
EP00440P000206,17,0,0,10,False,1,NA,False
EP00878P002763,10,10,0,29,False,1,NA,True
XP_014157448.1,3,0,0,30,True,1,NA,False
EP00093P013774,20,0,0,15,False,1,NA,False
EP01129P015106,9,3,0,30,False,1,NA,True
EP00811P004895,30,0,0,30,True,1,NA,False
EP00100P009247,2,17,0,10,False,1,NA,True
EP00443P001628,1,10,0,16,True,1,NA,True
EP01050P032229,3,7,0,11,False,1,NA,True
EP01094P028128,8,0,0,20,True,1,NA,False
EP00919P014666,6,0,0,30,True,1,NA,False
EP00333P005178,7,0,0,29,True,1,NA,False
EP00792P013831,39,13,0,8,False,1,NA,True
EP00211P006170,33,0,0,30,False,1,NA,False
EP00918P080483,12,0,0,30,False,1,NA,False
XP_020518415.1,52,0,0,30,False,1,NA,False
EP00343P009364,7,0,0,30,False,1,NA,False
EP00401P005484,44,0,0,10,False,1,NA,False
EP00998P005757,15,20,0,30,False,1,NA,True
EP00927P046140,6,0,0,11,True,1,NA,False
EP01090P001356,13,0,0,15,False,1,NA,False
EP00454P002342,5,65,0,30,False,1,NA,True
EP01118P011952,24,0,0,29,False,1,NA,False
EP01060P032412,3,0,0,30,True,1,NA,False
EP00002P009029,5,0,0,30,True,1,NA,False
EP00411P126516,3,18,32,29,False,1,NA,True
EP00047P024164,31,0,0,11,True,1,NA,False
EP00295P045546,23,0,0,30,True,1,NA,False
EP00012P005010,3,0,0,30,False,1,NA,False
EP00261P037423,3,0,0,30,True,1,NA,False
EP00702P001316,1,35,0,27,True,1,NA,True
EP00326P007330,9,1,0,28,False,1,NA,True
EP00655P007750,60,0,0,29,True,1,NA,False
EP00202P005970,3,1,0,30,False,1,NA,True
EP01037P006036,10,6,0,13,False,1,NA,True
EP00339P007412,3,0,0,13,True,1,NA,False
EP00435P019286,61,0,0,30,False,1,NA,False
EP01098P004378,7,19,0,30,False,1,NA,True
EP00245P004197,27,0,0,16,False,1,NA,False
EP00021P001704,1,13,0,27,True,1,NA,True
EP01137P033662,5,0,0,12,True,1,NA,False
EP00795P006944,13,0,21,30,False,1,NA,False
EP00984P018139,19,3,0,15,False,1,NA,True
EP00021P009098,63,0,0,21,False,1,NA,False
EP00316P002036,7,19,0,22,False,1,NA,True
EP00742P023818,5,0,0,10,True,1,NA,False
EP00880P008675,2,34,0,18,False,1,NA,True
EP00095P008295,6,8,0,30,False,1,NA,True
EP00756P023469,13,0,0,11,False,1,NA,False
EP01040P022149,24,0,0,30,False,1,NA,False
EP00068P011916,15,0,1,30,False,1,NA,False
EP00208P002321,46,0,0,30,True,1,NA,False
EP00511P013313,1,9,0,30,True,1,NA,True
EP00741P018757,60,0,0,30,False,1,NA,False
EP00215P000519,23,3,0,16,True,1,NA,True
EP00446P019438,6,0,0,30,True,1,NA,False
EP00896P007089,1,0,2,30,True,1,NA,False
KAA6393537.1,9,0,0,29,True,1,NA,False
EP00612P002752,47,0,0,16,True,1,NA,False
EP00889P007458,11,37,20,24,False,1,NA,True
EP00148P001853,3,0,0,30,True,1,NA,False
EP01046P081027,16,0,0,10,False,1,NA,False
EP00609P001040,31,2,0,30,False,1,NA,True
EP00953P021580,8,59,3,30,False,1,NA,True
XP_013758876.1,36,8,0,30,False,1,NA,True
EP00029P011927,6,0,0,14,True,1,NA,False
EP00183P006337,28,33,0,29,False,1,NA,True
EP00913P022043,19,0,0,30,True,1,NA,False
EP01086P012560,3,0,0,17,True,1,NA,False
EP01036P012346,31,3,0,30,False,1,NA,True
EP00425P005801,2,67,1,15,False,1,NA,True
EP00299P010982,3,0,0,19,True,1,NA,False
EP00264P131130,21,49,0,30,False,1,NA,True
EP00105P040659,1,3,0,11,True,1,NA,True
EP00929P065003,17,34,0,18,False,1,NA,True
EP00887P005292,10,8,0,30,False,1,NA,True
EP00935P000505,8,51,10,30,False,1,NA,True
EP01135P009457,9,34,14,13,False,1,NA,True
EP00401P040866,13,0,0,14,False,1,NA,False
EP00445P000300,31,0,0,30,True,1,NA,False
EP00411P123113,20,0,0,30,False,1,NA,False
EP00036P006613,70,0,0,12,False,1,NA,False
EP01051P002050,6,2,0,19,False,1,NA,True
EP00298P025801,9,0,0,15,True,1,NA,False
EP01035P057664,4,2,0,12,False,1,NA,True
EP00474P011133,19,0,0,25,False,1,NA,False
EP00802P018377,8,19,0,30,False,1,NA,True
EP00054P005378,8,0,0,30,True,1,NA,False
EP00404P046644,3,10,0,30,False,1,NA,True
EP00270P005904,5,0,0,10,True,1,NA,False
EP00703P004687,5,0,0,27,False,1,NA,False
EP00811P014825,3,0,0,15,True,1,NA,False
EP00443P131974,6,0,0,30,True,1,NA,False
EP01006P011947,56,0,0,12,False,1,NA,False
EP00284P011239,8,1,0,13,False,1,NA,True
EP00300P037185,61,0,0,14,True,1,NA,False
EP00820P017119,19,0,0,28,True,1,NA,False
EP00429P038172,6,0,0,11,True,1,NA,False
EP00746P029965,9,3,0,30,False,1,NA,True
EP00704P004718,12,2,0,16,False,1,NA,True
XP_020048172.1,48,3,0,28,False,1,NA,True
EP01137P006598,10,0,0,27,True,1,NA,False
EP00596P007686,45,0,0,18,True,1,NA,False
EP00938P004711,4,66,0,18,False,1,NA,True
EP00744P028730,18,38,0,24,True,1,NA,True
EP01015P003439,30,0,0,30,True,1,NA,False
EP00947P004885,1,69,0,13,True,1,NA,True
EP00557P006249,40,0,0,21,True,1,NA,False
EP01052P012758,11,0,0,30,False,1,NA,False
EP00293P007869,3,0,0,24,True,1,NA,False
EP00001P053778,20,0,0,12,True,1,NA,False
EP00611P000482,7,6,40,19,False,1,NA,True
XP_026440795.1,2,68,0,13,False,1,NA,True
EP00069P005061,5,1,1,21,False,1,NA,True
EP00268P032483,8,40,1,30,False,1,NA,True
EP00386P000866,10,0,0,30,True,1,NA,False
EP00629P012573,5,0,0,10,True,1,NA,False
EP00053P007468,7,0,0,30,False,1,NA,False
EP00033P007770,12,0,0,30,False,1,NA,False
EP00891P004781,4,0,0,26,True,1,NA,False
EP00657P012815,14,0,0,12,False,1,NA,False
EP00282P017747,4,3,0,25,False,1,NA,True
EP00199P001823,35,0,0,30,True,1,NA,False
XP_016855479.1,8,32,0,10,False,1,NA,True
EP00505P001270,9,59,2,19,False,1,NA,True
EP00297P009244,33,0,1,12,True,1,NA,False
EP01001P004741,13,48,0,30,False,1,NA,True
EP00276P009591,26,0,0,19,True,1,NA,False
EP00177P000463,7,0,0,18,True,1,NA,False
EP00656P004563,1,11,0,26,True,1,NA,True
EP00288P017241,8,34,0,13,False,1,NA,True
EP00059P006907,2,0,1,30,False,1,NA,False
EP00828P011586,8,0,0,15,False,1,NA,False
EP00879P032598,68,1,0,24,False,1,NA,True
EP00164P012178,17,49,3,30,False,1,NA,True
EP00929P009965,65,0,0,27,True,1,NA,False
EP00539P011947,3,0,0,29,True,1,NA,False
EP00308P022587,10,0,1,11,False,1,NA,False
EP00277P004344,3,0,0,14,True,1,NA,False
EP01111P014837,4,59,7,30,False,1,NA,True
EP00119P006946,11,8,0,11,False,1,NA,True
EP00655P015130,7,56,7,30,False,1,NA,True
EP00831P079161,5,0,0,30,False,1,NA,False
EP00369P001767,3,0,0,22,True,1,NA,False
EP00005P013016,5,63,2,30,False,1,NA,True
EP01006P010237,9,0,0,30,True,1,NA,False
EP01022P012283,27,0,0,18,False,1,NA,False
EP00889P002668,3,0,0,30,True,1,NA,False
EP00230P011286,3,0,0,21,True,1,NA,False
EP00581P038955,58,0,0,13,True,1,NA,False
EP01084P199136,45,0,0,23,False,1,NA,False
EP00644P008962,8,0,0,15,True,1,NA,False
EP00449P021434,10,0,3,30,False,1,NA,False
EP01034P021054,3,0,0,12,True,1,NA,False
EP00002P029199,36,0,0,19,False,1,NA,False
EP00449P026191,6,11,0,16,False,1,NA,True
EP01130P001617,32,28,0,30,False,1,NA,True
XP_005772995.1,21,0,0,30,False,1,NA,False
EP01133P022262,14,0,0,10,False,1,NA,False
EP01052P027900,41,0,0,12,False,1,NA,False
EP00331P000136,8,51,10,30,False,1,NA,True
EP00163P033536,14,0,0,10,False,1,NA,False
EP00004P003628,28,6,0,13,False,1,NA,True
EP00012P011497,5,0,0,16,False,1,NA,False
EP01111P011648,2,13,0,23,False,1,NA,True
EP01084P120530,51,0,0,11,False,1,NA,False
EP00128P015046,7,1,0,20,False,1,NA,True
EP01083P129326,7,4,0,26,True,1,NA,True
EP00261P017535,12,0,0,29,False,1,NA,False
EP00941P001568,9,3,0,30,False,1,NA,True
EP01006P015930,25,0,0,30,False,1,NA,False
EP00828P040528,12,0,0,30,False,1,NA,False
EP01113P005336,25,0,0,10,False,1,NA,False
EP00760P005280,11,0,0,30,True,1,NA,False
EP01093P017054,5,0,0,15,True,1,NA,False
EP00457P015257,28,0,0,14,True,1,NA,False
EP00992P008121,6,0,0,27,True,1,NA,False
EP01026P040913,7,0,0,30,False,1,NA,False
EP01083P044650,8,0,0,30,True,1,NA,False
EP01038P011165,4,59,7,30,False,1,NA,True
XP_031491525.1,26,0,0,10,False,1,NA,False
EP00680P010162,3,0,0,22,True,1,NA,False
EP01127P019060,10,29,0,29,False,1,NA,True
EP00618P001873,2,13,0,30,False,1,NA,True
EP01024P074024,29,0,0,30,False,1,NA,False
XP_024305754.1,66,0,0,30,True,1,NA,False
EP01147P000754,15,0,0,30,True,1,NA,False
EP00591P010273,7,63,0,15,False,1,NA,True
EP00475P003257,15,0,0,15,False,1,NA,False
EP00092P079308,16,0,0,27,False,1,NA,False
EP01067P007196,9,5,0,30,False,1,NA,True
EP00411P120771,4,62,4,17,False,1,NA,True
EP00917P000467,5,0,0,14,True,1,NA,False
EP00497P003365,3,12,0,18,False,1,NA,True
EP00794P013288,8,2,0,11,False,1,NA,True
EP00462P008615,9,0,0,15,True,1,NA,False
EP00031P000031,35,0,0,21,False,1,NA,False
EP00063P021422,50,0,0,10,False,1,NA,False
EP00839P001213,5,0,0,19,True,1,NA,False
EP00356P013761,30,0,0,30,True,1,NA,False
EP00796P002490,49,0,0,19,True,1,NA,False
EP00487P000722,5,0,0,15,True,1,NA,False
EP01155P011748,1,28,1,30,True,1,NA,True
EP00622P000166,7,0,0,14,True,1,NA,False
EP00042P009368,58,0,0,30,True,1,NA,False
EP00945P003049,8,0,0,30,True,1,NA,False
EP00268P065963,62,0,0,19,False,1,NA,False
EP00628P000904,22,0,0,21,True,1,NA,False
EP00002P018707,16,7,1,30,False,1,NA,True
EP00705P055793,3,0,0,17,True,1,NA,False
EP01083P133722,24,0,0,30,False,1,NA,False
EP00210P009043,1,30,0,28,True,1,NA,True
EP01061P047128,11,1,0,3,False,1,NA,True
EP00294P006131,24,3,0,30,False,1,NA,True
EP00803P007240,29,0,0,20,True,1,NA,False
EP00764P008298,7,0,0,30,True,1,NA,False
EP01156P009750,3,0,0,26,True,1,NA,False
EP01083P075355,1,7,0,23,True,1,NA,True
EP00232P013058,1,7,0,30,True,1,NA,True
EP00064P009683,42,0,0,10,False,1,NA,False
EP01113P013900,9,0,0,28,True,1,NA,False
EP00049P023045,31,0,0,18,True,1,NA,False
EP01090P001320,23,0,0,13,False,1,NA,False
EP01013P006339,5,0,0,12,True,1,NA,False
EP01114P003099,13,0,0,28,True,1,NA,False
EP00321P013037,13,0,0,23,True,1,NA,False
EP00302P019032,2,1,26,11,False,1,NA,True
EP00630P003258,13,0,0,12,True,1,NA,False
EP00548P020481,21,0,0,13,True,1,NA,False
EP00451P014711,16,0,0,24,True,1,NA,False
EP00861P006767,3,0,0,30,True,1,NA,False
EP00820P010122,59,0,0,29,True,1,NA,False
EP01069P013213,1,0,0,30,True,1,NA,False
EP00434P029773,5,0,0,25,True,1,NA,False
EP00193P012529,3,0,0,10,True,1,NA,False
EP00428P079100,19,3,0,19,False,1,NA,True
EP00669P003154,9,0,0,30,True,1,NA,False
EP00267P043650,26,0,0,30,True,1,NA,False
EP00560P004817,62,5,0,22,False,1,NA,True
EP01066P002773,3,0,0,17,True,1,NA,False
EP00668P042663,5,57,8,14,False,1,NA,True
EP01043P055381,10,0,23,24,False,1,NA,False
EP00617P028036,17,9,0,30,False,1,NA,True
EP00420P018813,5,3,0,30,False,1,NA,True
EP00938P005378,5,61,4,11,False,1,NA,True
EP00746P069717,43,0,0,15,True,1,NA,False
EP00798P001399,1,18,0,30,True,1,NA,True
EP00817P002964,11,1,1,14,False,1,NA,True
EP01034P016053,6,0,0,11,True,1,NA,False
EP01095P013404,11,0,0,17,False,1,NA,False
EP00843P009353,7,0,0,26,False,1,NA,False
EP00740P016104,3,0,0,18,False,1,NA,False
KAA6385906.1,21,0,0,30,True,1,NA,False
XP_011408682.2,61,0,0,25,True,1,NA,False
EP00928P068380,3,0,0,27,True,1,NA,False
EP01013P039209,14,0,0,30,True,1,NA,False
EP00163P001486,16,0,0,30,True,1,NA,False
EP00290P012969,3,0,0,30,True,1,NA,False
EP00968P010132,17,34,0,18,False,1,NA,True
EP00826P036058,5,0,0,18,True,1,NA,False
EP01137P031691,7,0,0,30,False,1,NA,False
EP00292P015880,6,0,0,14,False,1,NA,False
EP00891P004762,6,17,0,25,False,1,NA,True
EP00160P018290,3,0,0,30,True,1,NA,False
EP01027P009010,4,1,0,15,False,1,NA,True
XP_638385.1,3,15,0,10,False,1,NA,True
EP00899P015865,64,3,0,16,False,1,NA,True
EP00516P004347,7,0,2,13,False,1,NA,False
EP01012P026810,2,0,2,21,False,1,NA,False
EP01062P053327,3,63,4,15,False,1,NA,True
EP00753P015988,5,0,0,15,True,1,NA,False
EP01029P013482,7,0,0,12,True,1,NA,False
EP00074P002397,5,0,0,24,True,1,NA,False
EP01047P075938,19,0,0,15,True,1,NA,False
EP00198P007527,7,51,0,30,False,1,NA,True
EP01103P003653,47,0,0,10,False,1,NA,False
EP00878P000700,14,0,0,29,False,1,NA,False
EP00178P010797,11,0,0,30,False,1,NA,False
EP00047P001181,5,0,0,13,True,1,NA,False
EP00540P001576,30,0,0,17,True,1,NA,False
EP01127P002455,5,65,0,18,False,1,NA,True
EP00095P006006,19,8,0,10,False,1,NA,True
EP01114P018930,6,0,0,30,True,1,NA,False
EP01043P028501,17,9,0,30,False,1,NA,True
EP00110P017138,26,0,0,10,False,1,NA,False
EP00173P004605,67,0,0,30,True,1,NA,False
EP00669P005175,37,0,0,17,False,1,NA,False
EP00843P019571,3,0,0,30,True,1,NA,False
EP00746P148554,19,0,0,13,True,1,NA,False
EP00550P006410,13,0,0,10,True,1,NA,False
EP00297P011075,4,65,0,19,False,1,NA,True
EP00671P016369,4,4,0,14,True,1,NA,True
EP00876P008888,34,11,0,30,False,1,NA,True
EP00736P000974,5,0,0,30,True,1,NA,False
EP00920P005473,16,0,0,18,True,1,NA,False
EP00261P002007,29,0,0,30,True,1,NA,False
EP00898P003205,2,33,0,23,False,1,NA,True
EP00290P022929,7,6,40,30,False,1,NA,True
XP_012896513.1,6,0,0,23,True,1,NA,False
EP00236P006165,5,0,0,22,True,1,NA,False
EP00465P009731,4,26,0,12,False,1,NA,True
EP01084P277661,45,0,0,26,False,1,NA,False
EP00462P017230,6,2,0,30,True,1,NA,True
EP01104P005436,5,0,0,11,False,1,NA,False
EP00889P002868,1,17,0,27,True,1,NA,True
EP00126P012459,7,0,0,12,True,1,NA,False
EP00264P040670,1,69,0,11,True,1,NA,True
EP00300P039655,11,57,2,30,False,1,NA,True
EP00702P007154,20,0,0,30,True,1,NA,False
EP00669P005387,1,0,15,25,True,1,NA,False
EP00878P035004,3,0,0,17,True,1,NA,False
EP00891P007354,13,0,0,11,True,1,NA,False
EP00515P010601,3,0,0,10,True,1,NA,False
EP01120P016810,14,0,0,30,False,1,NA,False
EP01087P000801,12,0,0,16,True,1,NA,False
EP00408P024521,3,0,0,12,True,1,NA,False
EP00282P046690,10,0,0,19,True,1,NA,False
EP00826P000721,3,67,0,30,False,1,NA,True
XP_002776229.1,1,3,0,26,True,1,NA,True
EP01039P018365,9,0,0,29,True,1,NA,False
EP00164P023896,15,0,0,25,False,1,NA,False
EP00296P002679,45,0,0,12,False,1,NA,False
EP00519P012396,5,3,0,28,False,1,NA,True
EP00963P012797,23,0,0,30,True,1,NA,False
EP01084P069879,2,15,0,17,False,1,NA,True
EP01013P012643,17,4,0,12,False,1,NA,True
EP00874P002597,15,0,0,27,True,1,NA,False
EP01089P021217,29,0,0,30,True,1,NA,False
EP00263P035922,10,0,0,16,True,1,NA,False
EP01096P002499,4,59,7,14,False,1,NA,True
EP00351P005682,19,0,0,29,False,1,NA,False
XP_005787948.1,32,0,0,30,True,1,NA,False
EP00601P030067,6,61,3,26,False,1,NA,True
EP00103P021873,8,0,0,28,False,1,NA,False
EP00532P000178,14,56,0,30,False,1,NA,True
EP00897P004508,7,0,29,30,False,1,NA,False
EP00828P033332,12,0,0,13,False,1,NA,False
EP01012P014045,14,11,0,20,False,1,NA,True
EP00455P003898,8,0,0,12,True,1,NA,False
EP01084P057976,8,60,2,28,False,1,NA,True
EP01083P266937,8,0,0,29,True,1,NA,False
EP01035P068869,13,0,0,30,False,1,NA,False
EP01009P003956,12,0,0,10,False,1,NA,False
EP00292P003115,15,0,0,30,True,1,NA,False
EP01052P024540,8,20,0,30,False,1,NA,True
EP00768P008234,1,3,0,14,True,1,NA,True
EP00794P003393,3,0,17,30,False,1,NA,False
EP00493P015268,15,0,0,13,False,1,NA,False
EP00742P024775,45,0,0,30,False,1,NA,False
EP01061P033589,12,0,0,30,True,1,NA,False
EP00670P001086,5,65,0,18,False,1,NA,True
EP00151P012562,34,0,0,18,False,1,NA,False
EP00070P035503,1,68,0,26,True,1,NA,True
EP00315P023959,15,50,3,24,False,1,NA,True
EP00878P040319,12,0,0,18,True,1,NA,False
EP00252P026358,7,2,0,12,True,1,NA,True
EP00406P009799,23,5,0,17,False,1,NA,True
EP00389P004466,3,0,0,30,True,1,NA,False
EP00439P079044,3,0,0,30,False,1,NA,False
EP00747P071080,1,8,0,24,True,1,NA,True
EP00746P052158,5,0,0,13,False,1,NA,False
EP00279P011167,5,0,0,25,True,1,NA,False
EP00751P020607,58,0,0,13,False,1,NA,False
EP01114P018949,3,0,0,30,True,1,NA,False
EP00824P008804,1,5,0,30,True,1,NA,True
EP00755P006351,57,0,0,30,True,1,NA,False
EP00191P006466,18,0,0,30,True,1,NA,False
EP00073P004749,59,0,0,28,True,1,NA,False
EP00999P003142,6,0,0,21,True,1,NA,False
EP00550P000633,14,10,0,26,False,1,NA,True
EP00826P063834,13,0,0,27,True,1,NA,False
EP01095P005740,6,62,2,30,False,1,NA,True
EP01137P009957,7,0,0,18,False,1,NA,False
EP00586P015478,11,0,0,29,True,1,NA,False
KAA6364760.1,57,0,0,24,False,1,NA,False
EP00878P042623,4,66,0,13,False,1,NA,True
EP00591P010515,7,0,0,21,True,1,NA,False
EP00255P018019,2,68,0,30,False,1,NA,True
EP00300P041428,2,15,0,20,False,1,NA,True
EP00560P000823,5,0,0,28,True,1,NA,False
EP00103P001642,27,0,0,30,False,1,NA,False
EP01065P047287,32,0,0,13,False,1,NA,False
EP00071P029144,1,5,0,17,True,1,NA,True
EP00440P051940,61,0,0,14,False,1,NA,False
EP01117P015285,7,2,0,11,False,1,NA,True
EP00563P020377,8,0,0,25,False,1,NA,False
EP00080P006117,3,0,0,28,True,1,NA,False
EP00418P097947,4,0,31,30,False,1,NA,False
EP00038P015228,10,0,0,10,False,1,NA,False
EP00759P009332,9,0,0,30,False,1,NA,False
EP00940P001582,14,0,0,18,True,1,NA,False
EP01084P262781,40,0,0,11,False,1,NA,False
EP01042P026140,16,0,0,15,True,1,NA,False
EP00979P015520,12,0,0,22,False,1,NA,False
EP00630P011492,10,0,0,29,True,1,NA,False
EP00754P042981,9,38,0,30,False,1,NA,True
XP_026458619.1,26,0,0,17,True,1,NA,False
EP00201P023017,9,0,0,14,False,1,NA,False
EP00295P022350,6,0,0,30,False,1,NA,False
EP00523P008906,5,0,0,10,False,1,NA,False
EP01026P055659,9,0,0,24,True,1,NA,False
EP00245P015276,44,0,0,30,True,1,NA,False
EP00105P045999,7,0,0,28,True,1,NA,False
XP_002768758.1,16,0,0,30,False,1,NA,False
EP00301P027518,28,6,0,10,False,1,NA,True
EP00472P010670,5,0,0,30,True,1,NA,False
EP00074P063363,8,0,0,11,True,1,NA,False
EP00764P005310,9,15,1,14,False,1,NA,True
EP00047P000983,41,0,0,30,False,1,NA,False
EP00404P011073,5,0,0,30,True,1,NA,False
EP00348P008454,11,16,0,23,False,1,NA,True
EP00548P000976,21,0,0,16,False,1,NA,False
EP00811P023451,5,0,0,27,False,1,NA,False
EP00441P000783,3,0,0,13,True,1,NA,False
EP00357P035960,5,0,0,10,True,1,NA,False
EP01031P006959,31,0,0,12,True,1,NA,False
EP00747P207316,9,0,0,11,True,1,NA,False
EP00050P015386,13,0,0,30,False,1,NA,False
EP01107P008920,35,0,0,18,False,1,NA,False
EP00703P000507,9,0,35,30,False,1,NA,False
EP00942P004390,3,0,0,30,True,1,NA,False
EP00511P009168,43,0,0,30,False,1,NA,False
EP01084P035147,5,0,0,15,False,1,NA,False
EP00090P015357,19,0,0,11,False,1,NA,False
EP00178P024850,3,0,0,13,True,1,NA,False
EP00050P021509,29,0,13,28,False,1,NA,False
EP00204P000830,35,0,0,8,False,1,NA,False
EP00802P030341,19,0,0,30,True,1,NA,False
EP00658P045864,10,1,0,22,True,1,NA,True
EP00913P035334,8,3,0,12,False,1,NA,True
EP00047P020640,5,0,0,27,False,1,NA,False
EP00126P001118,9,0,0,15,True,1,NA,False
EP00593P011545,12,0,0,24,False,1,NA,False
EP00478P005636,5,0,0,23,False,1,NA,False
EP00103P010066,35,0,0,30,False,1,NA,False
EP00744P021524,36,0,0,14,False,1,NA,False
EP00740P005615,12,19,0,22,False,1,NA,True
EP01125P005289,15,0,0,30,True,1,NA,False
EP01119P022149,4,20,0,29,True,1,NA,True
EP01063P009845,8,34,0,11,False,1,NA,True
EP00890P006723,1,8,0,30,True,1,NA,True
EP00003P023557,5,0,0,10,False,1,NA,False
EP00750P008976,70,0,0,27,False,1,NA,False
EP00919P017694,24,1,0,13,False,1,NA,True
EP00735P005448,11,0,0,14,True,1,NA,False
EP00411P077336,4,5,0,12,False,1,NA,True
XP_020050193.1,43,0,0,30,True,1,NA,False
EP01031P023095,12,6,0,26,False,1,NA,True
EP01032P031140,3,0,0,15,True,1,NA,False
EP00036P005679,5,0,0,10,False,1,NA,False
EP00147P011403,9,1,0,22,False,1,NA,True
EP00026P012391,8,0,0,9,True,1,NA,False
EP00547P012371,19,0,0,25,True,1,NA,False
EP00758P014330,10,4,0,16,False,1,NA,True
EP00133P011183,3,0,0,23,True,1,NA,False
EP00048P000581,43,0,0,10,False,1,NA,False
EP01092P014313,8,0,0,25,False,1,NA,False
EP00889P000824,49,0,0,30,True,1,NA,False
EP01130P014102,1,26,0,30,True,1,NA,True
EP00455P015642,15,0,0,12,True,1,NA,False
EP00440P013990,31,0,0,30,False,1,NA,False
EP00826P004096,43,0,0,22,True,1,NA,False
EP01096P004106,5,0,0,10,True,1,NA,False
EP00155P004100,3,0,0,12,True,1,NA,False
EP00596P004260,5,0,0,26,False,1,NA,False
EP00587P008579,4,7,0,30,False,1,NA,True
EP00658P056304,20,0,0,19,False,1,NA,False
EP00567P014113,3,0,0,24,True,1,NA,False
EP01083P242894,20,0,0,13,False,1,NA,False
EP00478P004236,5,0,0,18,True,1,NA,False
EP01061P015906,9,5,0,19,False,1,NA,True
EP01088P019730,15,2,0,19,False,1,NA,True
EP00029P012918,36,0,0,30,False,1,NA,False
EP00030P004366,13,2,0,25,True,1,NA,True
EP00092P096849,6,7,1,17,False,1,NA,True
EP00940P000978,6,58,6,27,False,1,NA,True
EP01032P039226,37,0,0,30,False,1,NA,False
EP00254P003800,15,0,0,11,False,1,NA,False
EP00420P024441,13,49,0,30,False,1,NA,True
EP00879P009793,3,0,0,30,True,1,NA,False
EP01033P019762,29,0,0,17,True,1,NA,False
EP00929P038410,5,0,0,30,False,1,NA,False
EP00295P023422,50,0,0,29,False,1,NA,False
EP00480P031703,8,56,6,10,False,1,NA,True
EP00411P072367,1,3,0,30,True,1,NA,True
EP00153P002135,3,0,0,16,True,1,NA,False
EP00862P007910,7,60,3,30,False,1,NA,True
EP00345P002311,26,0,0,30,False,1,NA,False
EP01018P024736,8,0,0,10,True,1,NA,False
EP00628P002218,5,64,1,30,False,1,NA,True
XP_019849402.1,4,3,0,30,False,1,NA,True
EP00173P001965,6,0,0,18,True,1,NA,False
EP00834P001596,3,0,0,26,True,1,NA,False
EP01052P055637,14,0,0,20,True,1,NA,False
EP00554P006685,4,3,0,12,False,1,NA,True
EP00121P000430,7,0,0,15,False,1,NA,False
EP01037P034980,8,2,0,11,False,1,NA,True
EP00746P043597,5,10,0,30,False,1,NA,True
EP01106P018863,8,0,0,10,False,1,NA,False
EP00036P021064,7,0,0,30,True,1,NA,False
EP01133P006501,12,0,0,12,False,1,NA,False
EP00644P015039,2,68,0,13,False,1,NA,True
EP00934P007635,11,0,11,29,False,1,NA,False
EP00729P021673,1,11,0,23,True,1,NA,True
EP00288P017733,17,0,0,14,True,1,NA,False
EP00767P005300,2,17,0,30,False,1,NA,True
EP00823P003499,5,0,0,28,False,1,NA,False
EP00457P019081,26,0,0,13,False,1,NA,False
EP00282P038696,40,0,0,30,True,1,NA,False
EP00793P001335,1,9,0,24,True,1,NA,True
EP01036P017558,12,0,0,30,False,1,NA,False
XP_012434841.1,6,2,0,30,True,1,NA,True
EP00177P005651,8,51,10,30,False,1,NA,True
EP00411P090286,3,0,0,24,True,1,NA,False
EP00441P037603,7,1,0,30,False,1,NA,True
EP00068P002463,4,35,0,13,False,1,NA,True
EP00967P028829,3,12,0,21,False,1,NA,True
EP00276P016569,3,0,0,30,True,1,NA,False
EP00992P010387,21,0,0,22,False,1,NA,False
EP00028P008954,11,0,0,15,False,1,NA,False
EP00729P004906,17,0,0,30,True,1,NA,False
EP01029P014148,7,0,0,10,False,1,NA,False
EP01101P008192,3,0,0,21,True,1,NA,False
EP00746P044996,25,0,0,30,True,1,NA,False
EP01006P011651,21,0,0,14,False,1,NA,False
EP00074P022625,17,0,0,13,False,1,NA,False
EP01112P002994,2,35,0,13,False,1,NA,True
EP00211P000396,1,32,2,17,True,1,NA,True
EP00628P032399,66,0,0,10,False,1,NA,False
EP00613P049710,15,0,0,17,False,1,NA,False
EP00038P013925,10,14,0,19,False,1,NA,True
EP00752P018063,8,56,6,30,False,1,NA,True
EP00048P024871,3,30,0,22,False,1,NA,True
EP00404P032518,34,13,0,27,True,1,NA,True
EP00403P015765,45,0,0,19,True,1,NA,False
EP00903P003410,8,34,0,30,False,1,NA,True
EP00670P018391,9,0,0,18,True,1,NA,False
EP00420P036268,5,0,12,30,False,1,NA,False
EP01030P030399,6,0,0,13,False,1,NA,False
EP00307P005403,10,4,0,17,False,1,NA,True
EP00941P001273,3,0,0,13,True,1,NA,False
EP00518P002042,43,0,0,29,True,1,NA,False
EP00966P078707,8,0,0,11,True,1,NA,False
EP01065P026781,2,68,0,30,False,1,NA,True
EP01047P031819,5,65,0,16,False,1,NA,True
EP00736P013006,5,0,0,9,False,1,NA,False
EP00406P069590,3,0,0,28,True,1,NA,False
EP01103P004969,8,0,0,30,True,1,NA,False
EP00323P003658,2,15,0,30,False,1,NA,True
EP00615P013179,13,0,0,21,True,1,NA,False
EP00893P004028,3,0,0,23,True,1,NA,False
EP00959P472782,17,0,0,13,False,1,NA,False
EP00275P001847,45,0,0,30,True,1,NA,False
EP00479P009777,3,0,0,11,True,1,NA,False
EP00029P008169,31,0,13,29,False,1,NA,False
EP00480P026239,5,0,0,28,True,1,NA,False
EP00926P007244,41,0,0,20,False,1,NA,False
EP01013P032447,6,0,0,28,False,1,NA,False
EP00326P001359,3,0,0,21,True,1,NA,False
EP00511P013117,5,0,0,17,True,1,NA,False
EP00485P020529,45,0,0,11,False,1,NA,False
EP00705P035375,6,53,11,30,False,1,NA,True
GBG73744.1,6,0,16,26,False,1,NA,False
EP00413P018136,16,0,0,17,True,1,NA,False
EP00137P002048,19,0,0,15,True,1,NA,False
EP00456P011655,6,0,0,30,True,1,NA,False
EP00206P004093,7,0,2,24,False,1,NA,False
EP00279P015481,5,0,0,20,True,1,NA,False
EP00339P014295,3,9,0,19,False,1,NA,True
EP00642P008920,5,0,0,12,True,1,NA,False
EP00418P064911,46,0,0,18,False,1,NA,False
EP01096P014752,4,60,6,28,False,1,NA,True
EP00736P012902,4,9,0,30,False,1,NA,True
EP00537P005873,12,0,0,19,False,1,NA,False
EP00833P010356,5,0,0,21,True,1,NA,False
EP01034P031732,28,0,0,10,False,1,NA,False
EP01035P000331,7,0,0,28,True,1,NA,False
EP00733P002304,5,0,0,27,True,1,NA,False
KAA6408348.1,20,0,0,11,False,1,NA,False
EP00835P000880,13,0,0,16,False,1,NA,False
EP00633P006843,25,1,0,16,False,1,NA,True
EP00295P006551,4,62,4,28,False,1,NA,True
EP00996P000961,8,62,0,29,False,1,NA,True
EP00017P000181,32,0,0,30,False,1,NA,False
EP00744P015055,16,0,0,10,False,1,NA,False
EP01102P006273,5,0,0,29,True,1,NA,False
EP01129P011613,5,0,0,14,True,1,NA,False
EP00162P008250,5,0,0,30,True,1,NA,False
EP00951P022486,9,61,0,30,False,1,NA,True
EP00931P003908,6,3,0,26,True,1,NA,True
EP01031P009939,5,0,0,12,False,1,NA,False
EP00764P006044,2,6,0,29,False,1,NA,True
EP00197P002750,28,14,0,21,False,1,NA,True
EP01088P013980,5,0,0,19,False,1,NA,False
EP01118P002393,9,0,0,19,True,1,NA,False
EP00940P003081,12,0,0,23,True,1,NA,False
EP00389P007032,9,55,0,30,False,1,NA,True
EP00741P018164,5,17,2,30,False,1,NA,True
XP_018189895.1,10,1,0,17,True,1,NA,True
EP00730P007993,5,0,0,19,False,1,NA,False
EP00163P027828,31,12,0,20,True,1,NA,True
EP01083P191644,15,16,0,23,False,1,NA,True
EP00035P031394,16,27,0,17,False,1,NA,True
EP00439P065537,5,0,0,13,True,1,NA,False
EP00271P011689,6,0,0,20,False,1,NA,False
NP_585783.1,3,0,0,20,True,1,NA,False
EP00512P014330,10,7,13,30,False,1,NA,True
EP00411P023604,4,0,0,16,True,1,NA,False
EP00611P022605,29,0,0,16,True,1,NA,False
EP00659P021983,4,1,0,13,False,1,NA,True
EP01090P008949,8,2,0,30,False,1,NA,True
EP00500P001085,23,0,0,17,True,1,NA,False
XP_003556315.1,3,0,0,30,True,1,NA,False
EP00441P013123,1,10,0,19,True,1,NA,True
EP01008P000584,6,0,0,16,False,1,NA,False
EP01034P042415,6,0,0,14,True,1,NA,False
EP00873P025731,2,34,0,25,False,1,NA,True
EP01136P042341,6,0,0,30,False,1,NA,False
EP00116P015624,45,0,0,30,False,1,NA,False
OAD03777.1,1,0,9,19,True,1,NA,False
EP01034P029390,20,38,3,11,False,1,NA,True
EP01036P030060,35,0,0,14,False,1,NA,False
EP00520P020095,9,0,0,30,True,1,NA,False
EP00751P030350,14,0,0,13,False,1,NA,False
EP01121P020410,31,0,0,28,False,1,NA,False
EP00264P083606,3,11,0,13,False,1,NA,True
EP00861P008108,23,0,0,11,True,1,NA,False
EP01052P032141,10,0,0,28,True,1,NA,False
EP00820P028227,16,2,0,21,False,1,NA,True
EP01069P002520,24,1,0,30,False,1,NA,True
EP00429P034132,3,0,0,17,True,1,NA,False
EP01035P016240,6,0,0,26,False,1,NA,False
EP00745P020357,6,0,0,29,False,1,NA,False
EP00294P017276,3,0,0,30,True,1,NA,False
EP00574P009438,5,0,0,29,True,1,NA,False
XP_009858060.1,8,4,33,30,False,1,NA,True
EP00189P007292,11,0,0,14,True,1,NA,False
EP00411P124385,25,0,0,23,False,1,NA,False
EP00281P006480,3,0,0,30,True,1,NA,False
EP00900P001533,4,64,2,19,False,1,NA,True
EP00428P078599,19,0,0,12,True,1,NA,False
EP01084P111187,5,0,0,14,True,1,NA,False
EP00074P087231,9,0,0,23,True,1,NA,False
EP01096P009788,5,0,0,11,True,1,NA,False
EP01123P009309,7,2,0,17,False,1,NA,True
EP00250P013006,7,0,0,30,True,1,NA,False
EP00493P001396,3,0,0,30,False,1,NA,False
EP00406P084296,3,0,0,17,True,1,NA,False
EP00038P021049,3,0,0,18,True,1,NA,False
EP00512P002482,53,0,0,30,False,1,NA,False
EP00038P031771,15,7,1,27,False,1,NA,True
EP00164P032982,23,0,0,29,False,1,NA,False
EP01012P039298,8,0,0,30,False,1,NA,False
EP00652P018350,5,0,0,11,True,1,NA,False
EP01068P017367,10,8,0,30,False,1,NA,True
EP00799P000559,1,7,0,30,True,1,NA,True
EP01030P026518,13,0,0,28,False,1,NA,False
EP01023P024453,10,0,0,11,False,1,NA,False
EP00079P033640,7,0,0,16,True,1,NA,False
EP00403P029556,6,52,0,30,False,1,NA,True
EP00241P012336,25,1,0,20,False,1,NA,True
EP00445P076199,3,42,0,20,True,1,NA,True
EP00742P007180,4,16,0,30,False,1,NA,True
EP01037P004985,9,33,0,16,False,1,NA,True
EP00048P013937,30,0,0,25,False,1,NA,False
EP00730P014107,8,0,0,20,True,1,NA,False
EP00873P032161,14,0,0,27,True,1,NA,False
EP00013P029229,6,29,0,11,False,1,NA,True
EP01033P004978,16,0,0,30,True,1,NA,False
EP01084P083915,7,0,0,14,False,1,NA,False
EP00563P008859,9,0,0,11,True,1,NA,False
EP00331P022099,5,0,0,19,True,1,NA,False
EP01084P119518,18,0,0,3,False,1,NA,False
EP00929P109468,13,49,0,14,False,1,NA,True
EP00416P048212,4,5,0,19,True,1,NA,True
EP00704P005017,7,0,0,16,True,1,NA,False
EP00798P009510,3,0,27,30,False,1,NA,False
EP00903P000321,16,0,0,29,False,1,NA,False
EP01083P279744,46,8,0,30,False,1,NA,True
EP00919P053690,9,0,0,30,True,1,NA,False
EP00928P082014,8,62,0,23,False,1,NA,True
EP01080P012621,7,1,0,30,False,1,NA,True
EP00541P009639,11,0,0,18,True,1,NA,False
EP01103P019650,34,14,0,10,False,1,NA,True
EP00960P015373,9,0,35,30,False,1,NA,False
EP00049P000742,10,20,0,12,False,1,NA,True
EP00919P068621,8,2,0,30,False,1,NA,True
EP00179P012812,1,14,0,10,True,1,NA,True
EP00277P036167,11,50,9,30,False,1,NA,True
EP00873P031713,53,0,0,19,True,1,NA,False
EP00463P000222,7,0,0,11,True,1,NA,False
EP00441P004894,9,34,14,30,False,1,NA,True
EP01037P007172,19,40,11,13,False,1,NA,True
EP00008P013754,6,0,0,26,True,1,NA,False
EP01155P028008,56,0,0,10,False,1,NA,False
EP00815P013705,17,18,0,24,False,1,NA,True
EP00215P006223,13,49,0,11,False,1,NA,True
EP00041P034396,20,36,0,14,False,1,NA,True
EP00276P023805,9,1,0,10,True,1,NA,True
EP00052P010514,13,48,0,30,False,1,NA,True
EP00250P015198,5,30,0,21,False,1,NA,True
EP01039P017658,10,0,0,15,True,1,NA,False
EP00759P000584,3,0,0,29,True,1,NA,False
EP00888P001119,9,34,14,13,False,1,NA,True
EP01132P003899,3,63,4,27,False,1,NA,True
EP00104P000999,1,35,0,30,True,1,NA,True
EP00268P032658,3,0,0,14,True,1,NA,False
EP00465P006221,4,22,0,16,True,1,NA,True
EP00388P025228,8,0,0,10,True,1,NA,False
EP00299P016143,8,58,4,17,False,1,NA,True
EP01083P225491,45,0,0,30,False,1,NA,False
EP00828P004592,10,0,0,13,False,1,NA,False
EP00330P000426,3,0,0,28,True,1,NA,False
EP00389P003505,4,0,1,30,True,1,NA,False
EP00279P006960,26,0,0,30,False,1,NA,False
EP00003P020393,10,0,0,14,False,1,NA,False
EP00562P010292,50,0,0,24,False,1,NA,False
EP00831P030509,60,0,0,25,False,1,NA,False
EP00050P001238,5,0,0,9,False,1,NA,False
EP00179P013983,6,0,0,30,True,1,NA,False
EP00658P059734,3,0,0,15,True,1,NA,False
EP00092P065622,18,0,0,30,False,1,NA,False
EP00092P064505,10,0,0,27,False,1,NA,False
EP00658P037918,5,0,0,30,True,1,NA,False
EP00638P004753,1,69,0,30,True,1,NA,True
EP00667P026230,12,0,0,13,True,1,NA,False
EP00439P022957,17,0,0,3,False,1,NA,False
EP00240P003680,7,1,0,20,False,1,NA,True
EP01115P015562,6,9,0,30,False,1,NA,True
EP00919P022974,36,0,0,10,False,1,NA,False
EP00565P006209,3,0,0,5,True,1,NA,False
EP00742P016012,5,31,0,14,False,1,NA,True
EP01047P103571,11,0,0,16,False,1,NA,False
EP00043P001343,10,60,0,30,False,1,NA,True
EP00928P044923,3,0,0,22,True,1,NA,False
EP00638P012391,66,0,0,18,False,1,NA,False
EP00828P021754,2,66,2,22,False,1,NA,True
EP01035P014788,5,0,0,21,True,1,NA,False
EP00613P040744,13,48,0,30,False,1,NA,True
EP00210P009168,9,32,0,30,False,1,NA,True
EP00019P008429,5,0,0,11,True,1,NA,False
EP00469P007691,4,65,0,29,False,1,NA,True
EP00029P013438,14,56,0,30,False,1,NA,True
EP00246P014985,1,69,0,28,True,1,NA,True
EP00833P018393,45,3,0,11,False,1,NA,True
EP01006P004559,26,1,6,23,False,1,NA,True
EP00929P063095,1,11,0,29,True,1,NA,True
EP00553P001803,3,0,0,15,True,1,NA,False
EP00028P014961,53,8,0,30,False,1,NA,True
EP00918P013010,6,0,0,13,True,1,NA,False
EP00060P045005,9,0,0,30,False,1,NA,False
EP01040P024528,9,61,0,18,False,1,NA,True
EP00088P033971,28,28,0,29,False,1,NA,True
EP00323P007754,48,8,0,30,False,1,NA,True
EP00865P004766,3,19,0,28,False,1,NA,True
EP00863P010995,15,0,1,30,False,1,NA,False
EP00414P002706,18,28,0,10,False,1,NA,True
EP01094P021436,70,0,0,30,True,1,NA,False
EP00028P013966,7,1,0,30,True,1,NA,True
EP00676P003772,5,41,0,30,False,1,NA,True
EP00285P013751,1,21,0,13,True,1,NA,True
EP00411P011162,8,0,0,13,True,1,NA,False
EP00275P001969,6,62,2,26,False,1,NA,True
EP00047P023908,21,0,0,11,False,1,NA,False
EP00133P001279,5,1,0,10,False,1,NA,True
EP00814P003604,11,0,0,26,True,1,NA,False
EP00746P080464,51,0,0,12,False,1,NA,False
EP00084P012024,6,0,32,21,False,1,NA,False
EP00250P004711,11,0,0,10,False,1,NA,False
EP00632P011715,2,66,2,10,False,1,NA,True
EP00971P027651,2,15,0,20,False,1,NA,True
EP00191P020016,4,1,0,23,False,1,NA,True
EP01016P040463,13,19,0,30,False,1,NA,True
EP00109P000221,8,2,0,30,False,1,NA,True
EP00012P013021,6,0,0,21,True,1,NA,False
EP00158P004905,45,0,0,19,False,1,NA,False
CEP02355.1,3,66,0,10,False,1,NA,True
EP00009P012660,13,0,1,30,True,1,NA,False
EP00071P021735,5,0,0,26,False,1,NA,False
EP01035P033472,46,0,0,25,True,1,NA,False
EP00118P023950,66,0,0,12,False,1,NA,False
EP00753P002766,1,17,0,19,True,1,NA,True
EP00111P004734,60,0,0,19,False,1,NA,False
EP01122P015533,3,0,0,25,True,1,NA,False
EP00429P004819,3,63,4,13,False,1,NA,True
EP00058P016360,6,0,0,18,True,1,NA,False
EP00060P016313,44,0,0,13,False,1,NA,False
EP01136P009651,13,0,0,14,True,1,NA,False
EP00448P035309,7,0,0,30,False,1,NA,False
EP01060P029245,2,10,0,30,False,1,NA,True
EP00753P009124,5,0,0,30,True,1,NA,False
EP00913P029767,4,62,4,11,False,1,NA,True
EP00475P002409,6,3,0,30,False,1,NA,True
EP01022P025236,8,0,0,30,False,1,NA,False
EP00661P000700,9,8,1,30,False,1,NA,True
XP_001747798.1,28,0,0,13,True,1,NA,False
EP00243P011328,13,0,0,16,True,1,NA,False
EP01133P025548,6,8,0,30,False,1,NA,True
EP01130P007889,9,0,0,10,True,1,NA,False
EP00087P000147,5,0,0,22,True,1,NA,False
EP00537P014119,66,0,1,10,False,1,NA,False
EP00270P009940,6,10,0,30,False,1,NA,True
EP00052P035234,49,0,0,23,True,1,NA,False
EP01155P014724,44,0,0,30,False,1,NA,False
EP00931P113549,12,0,0,30,True,1,NA,False
EP00031P009964,16,0,0,19,False,1,NA,False
EP01104P011743,12,0,2,30,False,1,NA,False
EP00871P005284,3,65,2,27,False,1,NA,True
EP00434P046359,9,0,0,30,True,1,NA,False
EP00679P011900,10,18,0,12,False,1,NA,True
EP01133P001159,39,3,0,30,False,1,NA,True
EP00154P004915,6,0,0,28,True,1,NA,False
EP01139P013333,15,0,0,14,True,1,NA,False
EP00070P012729,6,0,0,23,True,1,NA,False
EP01130P016849,38,0,0,30,False,1,NA,False
EP01030P005985,3,12,0,12,False,1,NA,True
EP00895P014303,4,2,0,29,False,1,NA,True
EP00164P005674,17,2,0,13,True,1,NA,True
EP00932P016051,59,8,0,20,False,1,NA,True
EP00747P041458,39,7,1,18,False,1,NA,True
EP00104P001034,24,3,0,23,False,1,NA,True
EP00131P008586,10,29,0,28,False,1,NA,True
EP00808P013398,61,0,0,30,True,1,NA,False
EP01133P029303,14,0,0,20,False,1,NA,False
EP00279P016306,10,58,2,30,False,1,NA,True
EP00351P000091,17,0,0,27,True,1,NA,False
EP00450P000160,3,0,0,20,True,1,NA,False
EP01013P031416,10,51,9,20,False,1,NA,True
EP00246P013082,6,0,0,12,True,1,NA,False
EP01012P049727,11,0,0,30,True,1,NA,False
EP00884P018617,10,0,0,30,True,1,NA,False
EP00158P010171,3,0,0,29,True,1,NA,False
EP00353P013901,9,0,0,30,False,1,NA,False
EP00905P007913,1,7,0,12,True,1,NA,True
EP01030P032248,14,0,0,23,False,1,NA,False
EP01130P006743,17,0,0,30,False,1,NA,False
EP00012P008540,10,60,0,30,False,1,NA,True
EP00036P004557,15,2,0,30,False,1,NA,True
EP01006P047311,16,0,0,10,False,1,NA,False
EP00191P013926,10,12,0,16,True,1,NA,True
EP00241P022552,27,0,0,30,False,1,NA,False
EP00406P073389,1,69,0,30,True,1,NA,True
EP00249P003311,41,0,0,30,False,1,NA,False
EP00441P017731,7,63,0,30,False,1,NA,True
EP00269P043614,7,30,0,10,False,1,NA,True
EP01047P031861,16,0,0,29,False,1,NA,False
EP00590P009297,4,0,0,30,True,1,NA,False
EP00920P001864,6,0,0,20,False,1,NA,False
EP01031P010490,9,0,0,18,True,1,NA,False
EP00611P005297,23,0,0,13,True,1,NA,False
EP00069P006569,20,0,0,24,True,1,NA,False
EP01119P005202,7,0,0,25,False,1,NA,False
EP00802P001605,8,0,2,10,False,1,NA,False
EP00616P007789,15,0,0,11,False,1,NA,False
EP01117P002123,24,3,0,22,False,1,NA,True
EP00004P022852,5,0,0,25,True,1,NA,False
EP00024P001389,40,0,0,23,True,1,NA,False
EP00487P009693,10,0,0,29,True,1,NA,False
EP00569P015104,6,64,0,11,False,1,NA,True
EP00442P012501,12,39,0,17,False,1,NA,True
EP00428P067699,3,0,0,30,True,1,NA,False
EP01102P018098,10,55,5,29,False,1,NA,True
EP00406P081673,20,0,0,15,False,1,NA,False
EP00964P154183,7,1,0,15,True,1,NA,True
EP00033P006261,9,0,0,20,True,1,NA,False
EP01094P020500,44,0,0,30,True,1,NA,False
EP00795P007590,3,0,0,19,True,1,NA,False
EP00769P001132,5,0,0,10,False,1,NA,False
EP00567P002155,27,14,0,26,True,1,NA,True
EP01087P017123,2,64,4,30,False,1,NA,True
EP00357P002335,1,9,0,20,True,1,NA,True
EP01117P000551,6,0,3,12,False,1,NA,False
EP00249P016873,1,62,7,14,True,1,NA,True
EP01031P007431,7,0,0,30,True,1,NA,False
EP01063P014813,1,6,0,16,True,1,NA,True
EP00189P013031,64,0,0,30,True,1,NA,False
EP00191P000999,21,0,0,20,False,1,NA,False
EP00652P007642,11,0,31,30,False,1,NA,False
EP00118P002295,3,0,0,20,True,1,NA,False
EP01037P010042,8,62,0,29,False,1,NA,True
EP00425P041812,16,0,0,30,True,1,NA,False
EP00953P019785,12,0,0,15,True,1,NA,False
EP00003P029796,27,0,0,23,False,1,NA,False
EP00461P001132,24,1,0,30,False,1,NA,True
EP00562P026665,14,0,0,10,False,1,NA,False
EP00268P037778,58,0,0,26,False,1,NA,False
EP01091P000181,11,8,0,9,False,1,NA,True
EP00569P010663,5,0,0,20,True,1,NA,False
EP00003P012208,8,0,0,30,False,1,NA,False
EP00933P050519,4,63,3,15,False,1,NA,True
EP00839P003992,2,68,0,3,False,1,NA,True
EP01125P007364,3,0,0,30,True,1,NA,False
EP00406P069118,47,0,0,13,False,1,NA,False
EP00406P051834,3,0,0,15,True,1,NA,False
EP01121P005241,19,47,3,18,False,1,NA,True
EP00356P009610,3,0,0,30,True,1,NA,False
EP00877P004130,40,3,0,29,False,1,NA,True
EP01063P016698,8,62,0,10,False,1,NA,True
EP00392P008746,7,62,1,30,False,1,NA,True
EP00168P013472,9,0,0,17,True,1,NA,False
EP00762P000372,6,0,0,20,True,1,NA,False
EP00957P097500,6,0,0,16,True,1,NA,False
NP_973729.1,5,46,2,30,False,1,NA,True
EP00258P050436,32,0,0,17,False,1,NA,False
EP00840P007973,3,0,0,20,False,1,NA,False
EP01136P031732,13,0,0,25,False,1,NA,False
EP01018P011400,9,0,0,30,True,1,NA,False
EP00581P036777,28,0,0,10,True,1,NA,False
EP00520P007355,12,9,0,30,False,1,NA,True
EP00884P005518,8,0,0,8,False,1,NA,False
EP01090P021508,3,0,0,19,True,1,NA,False
EP00104P041324,61,0,0,27,False,1,NA,False
EP00435P009133,7,0,0,11,True,1,NA,False
EP00117P038886,5,27,0,30,False,1,NA,True
EP01043P042196,5,0,0,18,True,1,NA,False
EP00736P011255,6,0,0,30,True,1,NA,False
EP01061P039476,6,1,0,14,False,1,NA,True
EP00874P010567,3,0,0,18,True,1,NA,False
EP00118P026767,20,0,0,23,True,1,NA,False
EP00024P007962,5,0,0,30,False,1,NA,False
EP01136P004852,5,16,0,30,False,1,NA,True
EP00037P031595,14,0,0,29,True,1,NA,False
EP01031P049596,8,0,0,10,False,1,NA,False
EP00826P028515,11,0,0,10,True,1,NA,False
EP00475P008474,3,0,0,13,True,1,NA,False
XP_002991685.1,39,0,0,30,True,1,NA,False
EP00060P010872,1,7,0,14,True,1,NA,True
XP_004338622.1,14,0,0,28,False,1,NA,False
EP00074P019328,5,15,0,14,True,1,NA,True
EP00964P160971,15,2,0,13,False,1,NA,True
EP00315P053178,13,27,0,19,False,1,NA,True
EP00927P082543,5,0,0,30,False,1,NA,False
EP00613P082421,3,63,4,27,False,1,NA,True
EP00656P016508,14,0,0,30,True,1,NA,False
EP00920P014617,11,0,0,30,False,1,NA,False
EP00106P014165,1,12,0,25,True,1,NA,True
EP00437P069390,3,0,0,30,True,1,NA,False
EP00102P012960,3,7,0,16,False,1,NA,True
EP00672P017466,33,0,0,13,False,1,NA,False
EP01090P002926,29,0,0,30,False,1,NA,False
EP01114P015020,15,0,0,26,True,1,NA,False
EP01124P026998,11,13,0,30,False,1,NA,True
EP00264P195439,5,0,0,11,True,1,NA,False
EP00042P001251,5,0,0,12,True,1,NA,False
EP00494P016817,10,0,0,21,True,1,NA,False
EP01039P015639,1,12,0,26,True,1,NA,True
EP00668P044784,23,3,0,11,True,1,NA,True
EP01155P049593,11,19,0,12,False,1,NA,True
EP01031P045191,11,0,0,30,True,1,NA,False
EP01022P036266,11,0,0,15,False,1,NA,False
EP01136P030731,70,0,0,17,False,1,NA,False
EP00922P049736,5,0,0,17,True,1,NA,False
EP01097P008855,57,0,0,14,True,1,NA,False
EP01136P000146,1,6,0,30,True,1,NA,True
EP00264P201666,10,8,0,30,False,1,NA,True
KAA6366183.1,15,0,0,12,True,1,NA,False
EP00404P041255,10,34,0,26,False,1,NA,True
EP00274P006006,3,67,0,30,False,1,NA,True
EP00456P037410,5,0,0,11,True,1,NA,False
EP00429P068545,3,0,0,3,False,1,NA,False
EP00979P007453,1,7,0,16,True,1,NA,True
EP00246P003949,3,0,0,26,True,1,NA,False
EP00434P034127,13,48,0,29,False,1,NA,True
EP00007P008054,56,0,0,30,True,1,NA,False
EP00439P062139,9,0,0,12,True,1,NA,False
EP01120P016910,3,0,0,30,True,1,NA,False
EP00013P019832,1,69,0,30,True,1,NA,True
EP00656P026669,9,54,7,30,False,1,NA,True
EP00933P063218,3,63,4,15,False,1,NA,True
EP00880P011705,7,0,0,29,False,1,NA,False
EP00927P009673,17,29,0,19,False,1,NA,True
XP_031505722.1,9,2,0,13,False,1,NA,True
EP00058P026793,17,53,0,30,False,1,NA,True
EP01051P020161,8,32,2,14,False,1,NA,True
EP00542P021962,26,0,0,30,False,1,NA,False
EP00730P020445,5,1,1,30,False,1,NA,True
EP00271P005687,9,0,0,17,True,1,NA,False
EP00437P070849,5,0,0,14,False,1,NA,False
EP00078P028198,5,36,0,18,False,1,NA,True
EP00340P007233,7,5,0,17,True,1,NA,True
EP00751P009645,3,49,5,30,False,1,NA,True
EP00259P017964,6,31,0,8,False,1,NA,True
EP00088P018366,6,0,0,30,True,1,NA,False
EP00613P024007,17,9,0,30,False,1,NA,True
EP00905P005409,9,3,0,21,False,1,NA,True
EP00074P053341,10,29,0,10,False,1,NA,True
EP00429P043342,1,5,0,9,True,1,NA,True
EP00051P003046,14,10,0,27,False,1,NA,True
EP00137P011157,5,4,0,16,False,1,NA,True
EP00418P013350,9,18,0,18,False,1,NA,True
EP00039P015222,5,0,0,22,True,1,NA,False
EP00116P010558,6,0,0,15,False,1,NA,False
EP00201P019777,7,0,0,30,False,1,NA,False
XP_002990466.2,51,0,0,30,True,1,NA,False
EP01136P030208,1,15,0,24,True,1,NA,True
EP00428P069408,5,0,0,12,True,1,NA,False
EP01035P043488,29,0,0,30,False,1,NA,False
EP01118P014067,15,52,3,30,False,1,NA,True
EP01114P016108,23,0,0,30,True,1,NA,False
EP00865P001049,4,25,0,14,False,1,NA,True
EP00117P010703,3,0,0,17,True,1,NA,False
EP00061P015705,17,0,0,15,False,1,NA,False
EP00503P004369,9,5,0,30,False,1,NA,True
EP00456P071691,11,3,0,24,False,1,NA,True
EP01052P074444,36,0,0,30,False,1,NA,False
EP01136P006744,3,0,0,14,True,1,NA,False
EP00173P003320,25,0,0,23,False,1,NA,False
EP00598P010275,8,59,2,14,False,1,NA,True
EP00826P034580,5,0,0,23,True,1,NA,False
EP01155P037708,5,0,0,30,True,1,NA,False
EP00030P000998,4,16,0,27,False,1,NA,True
EP00443P085632,44,0,0,11,False,1,NA,False
EP00932P008663,16,0,0,30,False,1,NA,False
XP_005794593.1,15,55,0,30,False,1,NA,True
EP01102P022458,5,0,0,10,True,1,NA,False
EP00967P139445,13,0,0,24,True,1,NA,False
EP00537P018534,12,48,10,11,False,1,NA,True
EP00205P003127,6,57,0,20,False,1,NA,True
EP00240P005219,33,0,0,22,False,1,NA,False
EP01022P005449,24,46,0,10,False,1,NA,True
EP01062P070372,3,11,0,30,False,1,NA,True
EP00323P009863,10,0,0,13,True,1,NA,False
EP00440P043323,2,0,2,16,False,1,NA,False
EP00544P006852,3,0,0,16,True,1,NA,False
EP00250P000854,3,0,0,29,True,1,NA,False
EP00404P060826,7,2,0,15,False,1,NA,True
EP00669P014220,28,0,0,20,False,1,NA,False
EP00295P003435,12,6,0,10,False,1,NA,True
EP01103P003456,6,0,0,29,True,1,NA,False
EP00759P051803,36,0,0,13,False,1,NA,False
EP00656P016767,3,39,0,30,False,1,NA,True
EP00914P009805,18,3,0,30,False,1,NA,True
EP01139P002503,6,0,0,29,True,1,NA,False
EP01094P000265,3,0,0,25,True,1,NA,False
EP00933P026054,3,0,0,25,True,1,NA,False
EP01006P012466,45,0,0,17,True,1,NA,False
EP00043P001939,27,0,0,30,True,1,NA,False
EP01041P016835,1,29,0,11,True,1,NA,True
EP00188P000170,16,0,0,15,True,1,NA,False
EP00879P029185,5,0,0,13,True,1,NA,False
EP01133P010612,1,30,0,30,True,1,NA,True
EP00515P010032,10,34,0,30,False,1,NA,True
EP00288P020147,16,0,0,26,True,1,NA,False
EP00148P003577,3,45,0,30,False,1,NA,True
EP00418P098374,3,26,1,28,False,1,NA,True
EP00294P005932,12,30,0,30,False,1,NA,True
EP00192P006270,14,0,0,30,False,1,NA,False
EP00759P048511,25,0,0,13,False,1,NA,False
EP00847P002953,7,0,0,29,True,1,NA,False
EP00091P004320,7,0,0,15,True,1,NA,False
EP00746P004777,9,3,0,23,False,1,NA,True
EP00427P052360,52,0,0,24,False,1,NA,False
EP01122P016324,9,0,0,30,True,1,NA,False
EP00843P018367,10,10,0,30,False,1,NA,True
EP00042P048008,3,0,0,14,True,1,NA,False
EP00042P021833,1,16,0,30,True,1,NA,True
EP00740P022020,3,0,0,28,True,1,NA,False
EP00411P025062,11,58,1,30,False,1,NA,True
NP_586244.1,26,0,0,30,True,1,NA,False
EP01083P228730,10,1,0,22,False,1,NA,True
EP00826P025679,60,0,0,21,False,1,NA,False
EP00929P106585,1,9,0,25,True,1,NA,True
EP00742P021054,5,0,0,28,True,1,NA,False
EP00675P011107,29,0,0,24,True,1,NA,False
EP00747P060256,5,0,0,17,True,1,NA,False
EP01037P035619,12,0,0,14,False,1,NA,False
EP00456P072200,5,0,0,10,True,1,NA,False
EP00054P024450,57,0,0,30,True,1,NA,False
EP00563P013725,13,56,1,30,False,1,NA,True
EP01037P027202,16,0,0,23,False,1,NA,False
EP00013P004401,8,0,0,11,True,1,NA,False
EP00064P011156,5,0,0,17,True,1,NA,False
EP00877P009509,12,0,0,29,False,1,NA,False
EP00440P024339,5,30,0,5,False,1,NA,True
EP00268P063863,58,0,0,30,True,1,NA,False
EP00411P108500,8,0,0,21,False,1,NA,False
EP00831P043849,7,20,0,29,False,1,NA,True
EP00747P191440,10,0,0,30,False,1,NA,False
EP01096P012750,17,53,0,30,False,1,NA,True
EP00012P000004,7,1,0,10,False,1,NA,True
EP00470P004744,9,2,0,30,False,1,NA,True
EP00705P058759,26,0,0,13,True,1,NA,False
EP01017P044348,26,0,0,25,True,1,NA,False
EP00160P006158,3,0,0,16,True,1,NA,False
EP01050P055910,25,0,0,12,False,1,NA,False
EP00628P030809,15,52,3,30,False,1,NA,True
EP00461P004095,9,0,0,10,True,1,NA,False
EP01037P027161,45,3,0,28,False,1,NA,True
EP00217P013314,13,57,0,22,False,1,NA,True
EP01133P028274,23,0,0,27,True,1,NA,False
EP00215P009910,3,65,2,20,False,1,NA,True
EP00654P015887,5,0,0,11,True,1,NA,False
EP00879P025159,8,50,0,30,False,1,NA,True
EP00223P002657,8,56,6,23,False,1,NA,True
EP01012P048963,14,0,1,11,False,1,NA,False
EP00047P022079,16,0,0,19,False,1,NA,False
EP00104P029246,9,5,0,29,False,1,NA,True
EP01094P027447,26,0,0,9,False,1,NA,False
EP00002P033342,14,0,0,30,True,1,NA,False
EP00217P008436,18,0,0,21,True,1,NA,False
EP00475P010447,5,0,0,15,True,1,NA,False
EP00746P049261,16,11,0,11,False,1,NA,True
EP00021P005906,12,1,0,30,False,1,NA,True
EP00049P010161,3,0,0,30,True,1,NA,False
EP01057P002333,10,33,0,13,False,1,NA,True
EP00038P012545,5,15,0,30,True,1,NA,True
EP00815P003273,3,0,0,30,True,1,NA,False
EP00796P009888,8,34,5,16,False,1,NA,True
EP00735P003417,7,30,0,15,False,1,NA,True
EP00850P011735,3,12,2,18,False,1,NA,True
EP00323P013384,1,7,0,30,True,1,NA,True
EP01001P001779,12,0,0,17,False,1,NA,False
EP00370P002835,35,0,0,30,True,1,NA,False
EP01094P029390,6,0,0,25,False,1,NA,False
EP01048P000072,2,5,20,30,False,1,NA,True
EP00916P024215,10,0,0,18,True,1,NA,False
EP01012P060347,8,0,0,12,True,1,NA,False
EP00694P001223,5,0,0,18,True,1,NA,False
EP01029P019519,12,0,0,14,False,1,NA,False
EP00455P045928,6,0,0,30,True,1,NA,False
EP01032P013777,7,0,0,16,True,1,NA,False
EP00351P003590,9,0,0,16,True,1,NA,False
EP01053P006723,10,0,0,28,False,1,NA,False
EP00401P039245,2,15,0,29,False,1,NA,True
EP00207P001290,5,0,0,30,False,1,NA,False
EP00180P000495,13,0,0,17,False,1,NA,False
EP01024P015698,33,0,0,12,False,1,NA,False
EP01084P243981,11,0,0,18,True,1,NA,False
EP00644P012729,48,0,0,30,True,1,NA,False
EP00686P011961,3,0,0,14,True,1,NA,False
XP_009492484.1,8,0,0,20,True,1,NA,False
EP00397P054221,5,0,0,16,False,1,NA,False
EP00418P000338,8,18,0,11,False,1,NA,True
KAA6366211.1,5,0,0,11,True,1,NA,False
EP00611P026589,7,0,0,10,False,1,NA,False
EP01064P027405,5,0,0,30,False,1,NA,False
EP00195P000326,12,0,0,13,True,1,NA,False
EP01023P047675,37,0,0,17,True,1,NA,False
EP00166P000512,3,2,0,10,True,1,NA,True
EP01156P023901,18,0,0,30,False,1,NA,False
EP00322P001900,5,0,0,20,True,1,NA,False
EP00561P004632,7,0,0,17,False,1,NA,False
EP01037P006394,46,0,0,12,False,1,NA,False
EP00246P017111,3,0,0,30,True,1,NA,False
EP01106P018343,5,0,0,26,True,1,NA,False
EP00151P003898,5,0,0,10,True,1,NA,False
EP00825P020217,4,65,0,22,False,1,NA,True
EP00873P006038,19,3,0,26,False,1,NA,True
EP01036P058175,12,0,0,28,True,1,NA,False
EP00747P162130,3,0,0,17,True,1,NA,False
EP01033P006158,4,47,0,17,False,1,NA,True
EP00352P004277,6,0,0,30,False,1,NA,False
EP00631P001816,3,2,0,13,True,1,NA,True
EP01129P016659,3,0,0,18,False,1,NA,False
EP01052P006902,7,0,0,19,False,1,NA,False
EP00038P004713,12,0,0,30,True,1,NA,False
EP00403P027146,10,0,0,13,False,1,NA,False
EP00746P045422,52,0,0,27,False,1,NA,False
EP01042P023342,5,0,0,25,True,1,NA,False
EP01127P020435,26,0,0,28,False,1,NA,False
EP00645P014937,24,0,0,20,True,1,NA,False
EP00419P070565,64,0,0,21,False,1,NA,False
EP00755P001098,1,3,0,13,True,1,NA,True
EP00922P052715,4,0,0,17,True,1,NA,False
EP00675P011933,3,0,0,22,True,1,NA,False
EP00437P031968,21,0,0,19,False,1,NA,False
EP00970P020084,3,0,0,30,True,1,NA,False
EP00598P014767,8,23,0,15,False,1,NA,True
EP00919P016676,9,0,0,13,False,1,NA,False
EP01013P028723,9,1,0,18,False,1,NA,True
EP00333P008875,3,0,0,27,True,1,NA,False
EP00079P032657,3,31,1,30,False,1,NA,True
EP01030P020062,21,0,0,17,False,1,NA,False
EP01117P009310,5,65,0,26,False,1,NA,True
EP00800P022264,13,3,0,21,True,1,NA,True
EP01137P012480,8,0,0,22,True,1,NA,False
EP00107P002673,56,0,0,17,False,1,NA,False
EP00611P020060,10,0,15,20,False,1,NA,False
EP00468P013781,36,0,0,11,False,1,NA,False
EP00168P010575,4,18,0,15,False,1,NA,True
EP00746P061429,3,0,0,12,True,1,NA,False
EP00874P004564,39,0,0,20,False,1,NA,False
EP00292P020840,37,0,0,25,False,1,NA,False
EP00820P022108,20,0,0,30,True,1,NA,False
EP00304P005735,1,35,0,29,True,1,NA,True
EP00343P006176,14,0,1,30,False,1,NA,False
EP00411P060697,34,14,0,8,False,1,NA,True
EP01036P043658,7,2,0,27,False,1,NA,True
EP00282P030711,5,0,0,16,False,1,NA,False
EP01155P023631,29,28,0,17,False,1,NA,True
EP00333P010255,5,0,0,3,True,1,NA,False
EP00450P028291,2,15,0,16,False,1,NA,True
EP00740P005766,3,0,0,29,True,1,NA,False
EP00435P047393,70,0,0,25,False,1,NA,False
EP00192P003248,10,59,1,24,False,1,NA,True
EP00845P003288,7,63,0,24,False,1,NA,True
EP00072P042859,3,0,3,25,False,1,NA,False
EP00928P064001,5,0,0,21,False,1,NA,False
EP00437P031925,66,3,0,27,False,1,NA,True
EP00397P059932,5,0,0,26,True,1,NA,False
EP00670P003712,52,7,0,15,False,1,NA,True
EP01022P012191,13,0,0,20,False,1,NA,False
EP00256P067242,3,0,0,17,True,1,NA,False
EP01107P013912,13,0,0,12,False,1,NA,False
EP01019P001056,6,12,0,21,True,1,NA,True
EP00428P001253,6,12,0,15,True,1,NA,True
EP01013P022110,9,8,0,30,False,1,NA,True
EP01083P092309,4,63,3,17,False,1,NA,True
EP01083P179287,1,3,0,18,True,1,NA,True
EP00167P005887,12,1,0,18,False,1,NA,True
EP01093P014874,32,0,0,12,False,1,NA,False
EP00602P004079,5,0,0,13,True,1,NA,False
EP00054P016662,5,0,0,15,False,1,NA,False
EP00276P010715,66,0,0,11,False,1,NA,False
EP00621P012542,3,60,7,22,False,1,NA,True
EP01016P000476,9,0,0,27,True,1,NA,False
EP00051P016459,4,0,0,30,True,1,NA,False
EP01035P024280,33,0,0,19,True,1,NA,False
EP01028P011230,32,0,0,23,False,1,NA,False
EP00797P020258,4,62,4,23,False,1,NA,True
EP00443P103416,1,3,0,21,True,1,NA,True
EP00658P046545,5,0,0,17,False,1,NA,False
EP00547P012675,9,33,0,30,False,1,NA,True
EP00057P008537,16,0,1,30,False,1,NA,False
EP01040P012002,6,64,0,30,False,1,NA,True
EP01126P050135,51,0,0,10,False,1,NA,False
EP00854P031374,3,0,0,30,True,1,NA,False
EP01030P034282,45,0,0,19,False,1,NA,False
EP00856P003130,9,3,0,30,False,1,NA,True
EP00520P001955,12,18,0,14,False,1,NA,True
EP00293P019531,3,0,0,28,True,1,NA,False
EP01045P010657,48,12,0,9,False,1,NA,True
EP00801P006752,5,0,0,12,True,1,NA,False
EP00667P035099,27,0,0,29,False,1,NA,False
EP00706P012228,13,55,2,30,False,1,NA,True
EP00829P003043,66,0,0,19,False,1,NA,False
EP01006P010217,8,61,1,30,False,1,NA,True
EP01135P006326,2,15,0,10,False,1,NA,True
EP01017P048524,5,62,3,25,False,1,NA,True
EP01036P054505,55,0,0,16,False,1,NA,False
EP01025P011162,16,0,0,14,False,1,NA,False
EP00668P014369,11,57,0,30,False,1,NA,True
EP00857P007159,3,64,3,18,False,1,NA,True
EP00213P001010,9,46,14,30,False,1,NA,True
EP01012P059707,46,7,0,30,False,1,NA,True
EP01096P006289,5,0,0,10,True,1,NA,False
EP01041P031602,10,0,0,30,False,1,NA,False
EP00547P000577,32,2,0,13,True,1,NA,True
EP00746P063369,6,0,0,17,True,1,NA,False
EP00891P005339,9,3,0,10,False,1,NA,True
EP00098P020492,43,0,0,30,False,1,NA,False
EP00284P014899,6,0,0,13,True,1,NA,False
EP00668P035146,10,0,0,13,False,1,NA,False
EP00926P018105,2,62,6,30,False,1,NA,True
EP00472P013679,7,0,0,30,True,1,NA,False
EP00401P013386,4,58,8,30,False,1,NA,True
EP00297P003358,15,0,0,25,True,1,NA,False
EP01108P007008,5,0,0,13,False,1,NA,False
EP00808P019131,20,0,0,30,False,1,NA,False
XP_006603861.1,2,0,16,15,False,1,NA,False
EP01110P000585,23,0,0,10,False,1,NA,False
EP00314P001949,1,5,0,15,True,1,NA,True
EP00850P005413,6,5,0,22,False,1,NA,True
EP01091P016604,29,7,1,10,False,1,NA,True
EP01129P013433,3,0,0,30,True,1,NA,False
EP00288P007561,36,0,0,13,True,1,NA,False
EP00794P014495,12,0,0,14,True,1,NA,False
XP_001434629.1,15,1,0,11,False,1,NA,True
EP00336P004484,49,0,0,25,True,1,NA,False
EP00229P009649,18,14,0,28,False,1,NA,True
EP00321P013478,6,1,27,10,False,1,NA,True
EP00040P032509,66,0,0,24,False,1,NA,False
EP00003P001555,13,0,0,30,True,1,NA,False
EP01133P005441,9,7,1,23,False,1,NA,True
EP01031P029649,2,65,3,30,False,1,NA,True
EP01084P102755,10,51,9,30,False,1,NA,True
EP00534P005224,10,3,0,30,False,1,NA,True
EP01031P017007,8,0,0,22,True,1,NA,False
EP01103P020736,5,0,0,10,True,1,NA,False
EP01095P009970,18,0,0,27,False,1,NA,False
EP00277P018201,17,0,0,13,False,1,NA,False
EP00268P003374,13,0,0,16,True,1,NA,False
EP01126P047824,5,0,0,14,True,1,NA,False
EP00163P030174,11,0,0,29,True,1,NA,False
EP00729P013688,5,19,0,30,False,1,NA,True
XP_008897665.1,3,0,0,12,True,1,NA,False
EP00823P002326,4,65,0,29,False,1,NA,True
EP00455P028125,26,0,0,21,True,1,NA,False
EP00160P015646,4,0,0,30,False,1,NA,False
EP00284P008571,16,0,0,30,False,1,NA,False
EP00922P005729,3,66,1,27,False,1,NA,True
EP00629P015559,7,3,0,10,False,1,NA,True
EP00429P072962,4,58,0,13,False,1,NA,True
EP01083P295727,5,0,0,22,False,1,NA,False
EP01090P009522,30,0,0,13,False,1,NA,False
EP00963P002422,9,0,0,15,True,1,NA,False
EP00418P029459,3,9,0,30,False,1,NA,True
EP00825P017148,7,0,0,12,True,1,NA,False
EP00397P069935,5,0,0,30,True,1,NA,False
EP00053P011470,43,0,0,24,False,1,NA,False
EP00914P030869,13,0,0,29,False,1,NA,False
EP00003P013382,7,0,0,26,True,1,NA,False
EP00543P014174,3,0,0,11,True,1,NA,False
EP01087P013796,32,0,0,13,True,1,NA,False
EP00111P003432,6,62,2,3,False,1,NA,True
EP00457P006802,29,0,0,30,False,1,NA,False
EP01059P019474,15,0,0,29,True,1,NA,False
EP01083P122991,6,0,0,25,True,1,NA,False
EP00727P012520,5,0,0,19,False,1,NA,False
EP01035P006472,9,8,1,18,False,1,NA,True
EP01100P009772,11,0,8,21,False,1,NA,False
EP00264P194705,24,1,0,17,False,1,NA,True
EP01089P023273,15,0,0,25,True,1,NA,False
EP01123P002477,3,0,0,30,True,1,NA,False
EP00617P001720,60,0,0,30,False,1,NA,False
EP01083P032887,10,0,0,22,True,1,NA,False
EP01012P016865,42,0,0,11,False,1,NA,False
EP01036P001657,11,0,0,30,False,1,NA,False
EP00481P000715,10,0,0,12,True,1,NA,False
EP00831P034455,31,2,0,29,False,1,NA,True
EP01086P007111,3,4,0,30,True,1,NA,True
XP_007716489.1,15,32,0,13,False,1,NA,True
EP00044P004772,3,0,0,30,True,1,NA,False
EP00825P047020,8,0,0,29,True,1,NA,False
KAA6407811.1,8,0,0,19,True,1,NA,False
EP00450P002179,3,0,0,12,True,1,NA,False
EP00494P029387,19,0,0,28,False,1,NA,False
EP00930P000830,23,0,19,26,False,1,NA,False
EP00388P009987,4,0,0,30,True,1,NA,False
EP00007P005614,28,0,0,11,False,1,NA,False
EP00418P028007,60,0,0,19,False,1,NA,False
EP00511P004955,10,23,0,30,False,1,NA,True
EP00647P020795,14,54,2,24,False,1,NA,True
EP00863P004838,41,0,0,30,False,1,NA,False
EP00441P023094,5,0,0,17,True,1,NA,False
EP00746P083450,5,0,0,14,True,1,NA,False
EP01022P027119,8,0,0,27,False,1,NA,False
OLQ08751.1,29,0,0,30,True,1,NA,False
EP01084P255431,48,0,0,15,False,1,NA,False
EP00916P006120,2,18,0,11,False,1,NA,True
EP00681P007917,5,0,0,16,True,1,NA,False
EP00614P010448,6,63,1,30,False,1,NA,True
EP00198P000407,3,0,0,30,True,1,NA,False
EP00005P005038,41,0,0,11,False,1,NA,False
EP00898P005206,3,0,0,27,False,1,NA,False
EP00164P003295,8,0,0,30,True,1,NA,False
EP00057P034718,15,0,0,30,False,1,NA,False
EP00811P008139,18,0,0,18,True,1,NA,False
EP01119P011011,18,2,0,28,False,1,NA,True
EP00026P015094,10,55,5,30,False,1,NA,True
EP00928P092793,5,0,0,29,True,1,NA,False
EP01013P036725,17,0,0,30,True,1,NA,False
EP00302P045176,16,0,0,9,False,1,NA,False
EP00163P022545,32,0,0,15,True,1,NA,False
EP00048P002812,3,0,0,20,True,1,NA,False
EP00888P002556,1,3,0,14,True,1,NA,True
EP00283P016088,3,0,0,10,True,1,NA,False
EP00449P056316,6,7,1,18,False,1,NA,True
EP00369P003552,43,0,0,27,False,1,NA,False
EP00054P021324,38,0,0,30,False,1,NA,False
EP00112P026595,13,6,0,16,False,1,NA,True
EP00301P023078,7,0,2,30,False,1,NA,False
EP00820P028538,36,3,0,30,True,1,NA,True
EP01041P001041,6,3,0,14,False,1,NA,True
EP00283P024837,23,0,0,23,False,1,NA,False
EP00643P009887,1,11,0,30,True,1,NA,True
EP01126P054501,3,0,0,17,False,1,NA,False
EP00228P003968,17,0,0,14,True,1,NA,False
EP00886P001957,46,0,0,14,False,1,NA,False
EP01042P034975,7,0,0,21,False,1,NA,False
EP00291P003991,1,0,15,15,True,1,NA,False
EP00310P012272,8,0,0,30,True,1,NA,False
EP00331P030427,22,0,0,29,False,1,NA,False
EP00017P000937,8,2,38,23,False,1,NA,True
EP01107P016418,11,0,0,27,True,1,NA,False
EP00037P006955,7,0,0,11,False,1,NA,False
EP00928P062090,14,51,5,26,False,1,NA,True
EP00759P009336,1,12,0,14,True,1,NA,True
EP00457P002309,7,0,0,14,True,1,NA,False
EP01066P014685,14,52,3,23,False,1,NA,True
EP00562P030414,12,0,0,27,False,1,NA,False
EP00971P078177,4,25,0,30,False,1,NA,True
EP00533P014379,6,0,0,14,True,1,NA,False
EP01043P013106,10,0,0,30,True,1,NA,False
EP00658P075965,5,0,0,24,True,1,NA,False
EP00286P021151,11,28,0,30,False,1,NA,True
EP00179P027972,5,0,0,14,True,1,NA,False
EP00437P025326,5,0,0,22,False,1,NA,False
EP00429P020233,18,0,0,23,True,1,NA,False
EP00205P002824,5,0,0,19,True,1,NA,False
EP00004P000852,5,19,0,14,False,1,NA,True
EP00877P006056,10,1,0,29,False,1,NA,True
EP00746P051388,8,0,0,27,False,1,NA,False
EP00241P005936,2,13,0,14,False,1,NA,True
EP01031P000582,6,64,0,30,False,1,NA,True
EP00863P005099,1,30,0,27,True,1,NA,True
EP00818P002283,47,4,0,30,False,1,NA,True
EP01092P016050,6,0,0,30,False,1,NA,False
EP00574P007347,46,0,0,27,False,1,NA,False
EP00016P003834,9,0,0,30,False,1,NA,False
EP00061P008453,10,0,0,30,False,1,NA,False
EP01125P010277,29,0,0,27,True,1,NA,False
EP00646P009670,1,10,0,10,True,1,NA,True
EP00122P004723,6,0,0,30,False,1,NA,False
EP00124P004411,11,57,2,18,False,1,NA,True
XP_032237804.1,16,53,1,28,False,1,NA,True
EP00129P009117,3,0,0,20,True,1,NA,False
EP00467P023368,64,0,0,10,False,1,NA,False
EP00270P002237,6,0,0,21,True,1,NA,False
EP01071P010652,5,0,0,28,True,1,NA,False
EP00279P020060,9,14,0,17,False,1,NA,True
EP00229P010009,7,2,15,30,False,1,NA,True
EP01060P041501,43,0,0,30,False,1,NA,False
EP00249P012824,5,1,0,3,False,1,NA,True
EP00514P006160,2,60,6,29,False,1,NA,True
EP00308P009097,10,0,1,26,False,1,NA,False
EP00824P003794,14,0,0,13,True,1,NA,False
EP00053P005042,10,0,0,24,True,1,NA,False
EP00629P007216,3,0,0,30,True,1,NA,False
EP00922P033493,15,0,0,29,False,1,NA,False
EP00530P000064,3,0,0,30,True,1,NA,False
EP00883P001388,16,46,8,13,False,1,NA,True
EP00336P008085,28,13,0,21,False,1,NA,True
EP00977P028033,15,0,0,10,True,1,NA,False
EP00623P002921,10,59,0,30,False,1,NA,True
EP00698P006216,16,0,0,18,True,1,NA,False
EP00906P032723,35,0,0,20,True,1,NA,False
EP01044P020165,7,0,0,26,True,1,NA,False
EP00957P201030,5,0,0,11,True,1,NA,False
EP00090P006872,44,0,0,11,False,1,NA,False
EP00746P140675,3,0,0,25,True,1,NA,False
EP00421P073305,44,0,0,11,True,1,NA,False
EP00929P055889,30,0,0,16,True,1,NA,False
EP00494P027818,6,0,0,28,True,1,NA,False
EP00961P123789,5,0,0,30,True,1,NA,False
EP00931P093177,6,0,0,20,True,1,NA,False
EP00264P017469,15,0,0,10,False,1,NA,False
EP00602P006166,15,47,7,30,False,1,NA,True
XP_026429941.1,5,0,0,29,True,1,NA,False
EP01126P008396,5,0,0,16,False,1,NA,False
EP01156P003571,16,0,0,29,True,1,NA,False
EP00929P008283,28,14,0,15,False,1,NA,True
EP00302P004717,26,0,0,22,False,1,NA,False
EP00617P005263,12,15,0,24,False,1,NA,True
EP00042P030203,3,0,0,28,False,1,NA,False
EP00963P006267,8,51,10,30,False,1,NA,True
EP00877P010029,15,0,0,29,False,1,NA,False
EP00998P005683,9,0,0,11,False,1,NA,False
EP00798P010960,5,0,0,14,True,1,NA,False
EP00516P006759,9,0,35,30,False,1,NA,False
EP00756P065324,20,0,0,18,True,1,NA,False
EP00392P001188,5,0,0,16,False,1,NA,False
EP00742P006431,7,16,0,18,False,1,NA,True
EP00824P005998,11,3,0,10,False,1,NA,True
EP00243P013203,10,56,3,30,False,1,NA,True
EP01130P012512,5,0,0,26,True,1,NA,False
XP_002119029.1,27,0,0,30,True,1,NA,False
CBJ26202.1,6,0,0,10,True,1,NA,False
EP01098P015223,26,0,0,15,False,1,NA,False
EP01126P005299,9,0,0,22,False,1,NA,False
EP00898P004440,23,0,0,30,True,1,NA,False
EP01018P040921,5,0,0,30,True,1,NA,False
EP00446P051000,3,0,0,30,True,1,NA,False
EP00179P008249,1,19,0,30,True,1,NA,True
EP00300P025276,9,0,0,30,True,1,NA,False
EP01121P001096,7,0,0,30,True,1,NA,False
EP01043P084385,5,3,0,13,True,1,NA,True
EP00087P026845,2,68,0,10,False,1,NA,True
EP01042P011322,5,0,0,14,False,1,NA,False
EP00281P012786,11,0,0,11,True,1,NA,False
EP00614P029339,17,0,0,16,False,1,NA,False
EP00693P000184,6,0,0,30,False,1,NA,False
EP00384P002262,12,34,0,30,False,1,NA,True
EP01130P015209,16,0,0,11,False,1,NA,False
EP00701P004190,3,0,0,30,True,1,NA,False
EP00299P001074,28,0,0,12,False,1,NA,False
EP00998P001862,6,0,0,12,True,1,NA,False
EP01043P012666,5,0,0,10,True,1,NA,False
EP00876P013997,13,20,0,30,False,1,NA,True
EP00638P013364,7,1,0,30,False,1,NA,True
EP00826P046924,6,0,3,29,False,1,NA,False
EP00913P021171,13,0,0,22,False,1,NA,False
EP00276P013793,2,0,1,11,False,1,NA,False
XP_032224107.1,7,61,2,26,False,1,NA,True
EP00607P010136,10,1,0,30,True,1,NA,True
EP00192P011003,3,67,0,17,False,1,NA,True
EP00755P024170,62,3,0,15,False,1,NA,True
EP01090P012934,4,65,0,30,False,1,NA,True
EP00897P005147,5,0,0,17,True,1,NA,False
EP00406P053573,28,0,0,22,False,1,NA,False
EP00505P006432,5,0,0,13,True,1,NA,False
EP00437P024603,4,1,0,12,False,1,NA,True
EP01083P264169,7,0,0,29,False,1,NA,False
EP00348P020135,4,63,3,6,False,1,NA,True
EP00924P001156,17,53,0,15,False,1,NA,True
EP00037P025722,22,0,0,20,True,1,NA,False
EP00047P006831,3,5,0,18,True,1,NA,True
EP00828P038115,16,0,0,29,False,1,NA,False
EP00764P009051,10,0,0,30,True,1,NA,False
EP00191P003325,6,6,0,30,False,1,NA,True
EP00633P010860,31,3,0,30,False,1,NA,True
EP01112P016761,20,0,0,11,False,1,NA,False
EP00706P015438,10,17,0,30,False,1,NA,True
EP01024P049911,2,23,0,27,False,1,NA,True
EP01016P003446,15,0,0,28,True,1,NA,False
EP00965P246439,3,0,0,23,True,1,NA,False
EP01022P014783,24,0,0,17,False,1,NA,False
EP00325P001362,6,1,0,26,False,1,NA,True
EP00231P000539,11,0,0,14,True,1,NA,False
EP00729P028658,3,0,0,30,True,1,NA,False
EP00450P017197,10,0,0,14,False,1,NA,False
EP00744P012689,55,0,0,27,False,1,NA,False
EP00277P043584,5,62,3,30,False,1,NA,True
EP01059P024372,5,0,0,29,False,1,NA,False
EP01018P023137,5,30,0,30,False,1,NA,True
EP00956P005403,2,0,0,30,True,1,NA,False
EP00702P002183,1,69,0,30,True,1,NA,True
EP00735P003312,5,0,0,13,True,1,NA,False
EP01061P036163,26,0,0,28,True,1,NA,False
EP00696P018981,5,0,0,10,True,1,NA,False
EP00021P000757,28,0,0,10,False,1,NA,False
CEO97254.1,1,37,0,20,True,1,NA,True
EP00565P006430,12,0,0,30,True,1,NA,False
EP00307P007302,8,0,0,10,True,1,NA,False
EP00325P026115,37,0,0,24,True,1,NA,False
EP01079P006203,3,0,0,30,True,1,NA,False
EP00339P028679,28,0,0,30,True,1,NA,False
EP00164P004806,2,12,0,30,False,1,NA,True
EP01025P022617,5,0,0,25,False,1,NA,False
EP01036P016613,12,0,0,17,False,1,NA,False
EP01037P042805,15,0,0,14,False,1,NA,False
EP00349P008150,26,0,0,20,False,1,NA,False
EP00746P023320,1,3,0,17,True,1,NA,True
EP00340P005559,10,1,0,28,False,1,NA,True
EP00117P011183,13,0,0,12,True,1,NA,False
EP00892P007138,3,0,0,30,True,1,NA,False
EP00379P004015,13,2,0,30,True,1,NA,True
EP00922P042718,15,48,7,19,False,1,NA,True
EP01015P023586,3,0,0,26,True,1,NA,False
EP01084P268266,12,0,0,13,False,1,NA,False
EP01100P009498,5,0,0,14,True,1,NA,False
EP00188P001076,5,2,0,17,True,1,NA,True
EP01156P003814,3,0,0,13,False,1,NA,False
EP01053P002259,1,0,2,22,True,1,NA,False
EP00818P007785,1,3,0,30,True,1,NA,True
EP00022P001430,9,0,0,21,True,1,NA,False
EP01123P008574,7,0,0,13,True,1,NA,False
EP00449P002447,5,60,5,24,False,1,NA,True
XP_001619680.2,6,7,1,16,False,1,NA,True
EP00002P035072,29,0,0,11,True,1,NA,False
EP01002P000474,11,49,10,30,False,1,NA,True
EP00825P000815,18,0,0,30,False,1,NA,False
EP00442P012740,3,0,0,11,True,1,NA,False
EP01116P012350,8,7,0,29,True,1,NA,True
EP00232P025748,28,0,0,29,True,1,NA,False
EP00704P004550,11,57,2,26,False,1,NA,True
EP00671P018157,4,41,0,17,False,1,NA,True
EP00625P003957,3,0,0,30,True,1,NA,False
EP00484P019000,8,0,0,15,True,1,NA,False
EP00189P003569,4,1,0,30,False,1,NA,True
EP01136P019554,14,0,0,30,False,1,NA,False
EP00880P007096,4,0,0,28,False,1,NA,False
EP00035P018750,12,0,0,30,False,1,NA,False
EP00729P032208,5,0,0,11,False,1,NA,False
EP00559P007933,11,0,0,21,True,1,NA,False
EP01013P000355,25,0,0,30,False,1,NA,False
EP00269P020089,3,0,0,24,True,1,NA,False
EP01106P004752,10,0,0,30,False,1,NA,False
EP00110P001649,2,41,0,30,False,1,NA,True
EP01051P025188,23,0,19,17,False,1,NA,False
EP00123P007438,8,3,0,15,True,1,NA,True
EP01086P003233,8,4,0,17,False,1,NA,True
EP00026P022430,5,0,0,10,True,1,NA,False
EP00120P003244,22,0,0,30,False,1,NA,False
EP00747P221261,34,14,0,27,False,1,NA,True
EP00706P016514,13,0,0,14,True,1,NA,False
EP00927P053812,5,0,0,11,False,1,NA,False
EP00900P006814,34,7,0,23,False,1,NA,True
XP_002991619.2,2,19,0,30,False,1,NA,True
EP00429P089821,6,0,0,18,False,1,NA,False
EP00864P002035,23,0,0,11,False,1,NA,False
EP00493P021227,6,0,3,30,False,1,NA,False
EP00401P008152,33,0,0,22,True,1,NA,False
EP00845P015177,2,64,4,19,False,1,NA,True
EP00883P006278,5,0,0,12,True,1,NA,False
EP00793P002630,5,62,2,25,False,1,NA,True
EP01006P023667,40,0,0,30,True,1,NA,False
EP00295P049722,10,0,21,18,False,1,NA,False
EP00956P038098,22,33,0,13,False,1,NA,True
EP00160P002016,12,0,0,30,False,1,NA,False
EP00484P024667,8,0,0,11,True,1,NA,False
EP00388P035572,5,0,0,19,True,1,NA,False
EP01091P010867,12,0,0,30,False,1,NA,False
EP00590P012533,2,11,0,6,False,1,NA,True
EP00384P002586,63,0,0,30,False,1,NA,False
EP00074P064803,41,0,0,22,False,1,NA,False
EP00730P000905,19,0,0,30,False,1,NA,False
EP01022P025712,16,0,0,30,False,1,NA,False
EP00529P033907,50,17,0,30,False,1,NA,True
EP00026P010846,51,0,0,30,True,1,NA,False
EP01031P008474,8,0,0,13,True,1,NA,False
EP00155P001814,6,2,32,30,False,1,NA,True
EP01090P017932,7,0,0,23,False,1,NA,False
EP00298P026555,3,0,0,10,False,1,NA,False
EP01113P017089,27,0,0,30,True,1,NA,False
EP00357P033395,6,0,0,18,False,1,NA,False
EP00271P012203,3,0,0,30,True,1,NA,False
EP00178P011381,5,0,1,30,False,1,NA,False
EP00053P004879,29,0,0,15,False,1,NA,False
EP00117P023274,5,0,0,10,True,1,NA,False
EP00158P007085,62,3,0,19,False,1,NA,True
EP00033P001442,7,63,0,17,False,1,NA,True
EP01104P012982,5,61,4,30,False,1,NA,True
EP00919P016672,16,0,0,11,True,1,NA,False
EP00323P004327,7,0,0,12,True,1,NA,False
EP00429P129116,65,0,0,26,False,1,NA,False
EP01079P002868,5,52,12,30,False,1,NA,True
EP01037P018812,6,0,0,11,True,1,NA,False
EP01022P023938,21,0,0,30,False,1,NA,False
EP01091P018613,3,0,0,30,True,1,NA,False
EP00456P024174,7,0,0,30,True,1,NA,False
EP00428P065287,9,0,0,15,True,1,NA,False
EP00117P002452,4,58,8,25,False,1,NA,True
EP00456P028010,1,68,0,30,True,1,NA,True
EP00172P002757,6,0,0,18,True,1,NA,False
EP00264P039529,14,54,2,30,False,1,NA,True
EP00619P008385,13,0,0,30,False,1,NA,False
EP00429P124877,12,0,0,18,False,1,NA,False
EP01013P028275,7,1,0,30,False,1,NA,True
EP00386P004781,9,0,0,30,False,1,NA,False
EP00457P003134,19,11,0,15,False,1,NA,True
EP01129P009922,22,0,0,11,True,1,NA,False
EP01087P021181,11,35,2,30,False,1,NA,True
EP01034P000631,15,2,0,20,False,1,NA,True
EP01004P003258,7,2,0,30,False,1,NA,True
EP00759P020594,9,61,0,30,False,1,NA,True
EP00429P095239,14,2,0,16,False,1,NA,True
EP00588P025589,3,0,0,20,True,1,NA,False
EP00323P005582,5,64,1,30,False,1,NA,True
XP_030831390.1,7,0,0,24,True,1,NA,False
EP01136P037865,26,0,0,10,False,1,NA,False
EP00662P035467,3,0,0,26,True,1,NA,False
EP01035P042832,6,0,0,23,True,1,NA,False
EP00042P034177,9,46,15,30,False,1,NA,True
EP00566P020695,5,0,0,12,True,1,NA,False
EP00913P034527,37,0,0,27,True,1,NA,False
EP00894P003763,7,0,0,15,True,1,NA,False
EP00472P013500,5,0,0,19,True,1,NA,False
EP00411P092751,10,0,1,28,False,1,NA,False
EP01136P015670,5,0,0,15,True,1,NA,False
EP00925P013125,4,0,1,30,False,1,NA,False
EP00444P042203,29,3,0,20,False,1,NA,True
EP00569P004958,11,0,0,24,True,1,NA,False
EP01031P038559,55,0,0,22,False,1,NA,False
EP00344P007989,4,5,0,20,True,1,NA,True
EP00671P006074,9,0,0,24,False,1,NA,False
EP00808P028446,44,0,0,10,False,1,NA,False
EP00672P004724,46,0,0,9,False,1,NA,False
EP01024P012679,16,1,0,24,False,1,NA,True
EP00241P005181,4,13,0,30,False,1,NA,True
EP01132P019648,8,0,0,14,True,1,NA,False
EP00307P000672,3,0,0,14,True,1,NA,False
XP_008893107.1,7,4,0,12,False,1,NA,True
EP00249P013590,8,59,3,30,False,1,NA,True
EP00543P003658,3,0,24,18,False,1,NA,False
EP01064P012930,4,11,0,30,False,1,NA,True
EP00621P002048,10,19,14,14,False,1,NA,True
EP00021P010966,8,7,0,29,True,1,NA,True
EP00123P000115,12,14,0,21,False,1,NA,True
EP00586P003660,14,0,0,14,False,1,NA,False
EP00235P008314,8,0,0,28,True,1,NA,False
EP00247P000546,4,0,1,15,False,1,NA,False
EP00290P043511,13,1,0,11,False,1,NA,True
EP00449P014199,3,1,0,7,True,1,NA,True
EP00401P031357,27,0,0,15,True,1,NA,False
XP_001307423.1,3,0,0,30,True,1,NA,False
EP01126P039864,1,7,0,11,True,1,NA,True
EP00073P055977,26,0,0,30,False,1,NA,False
EP01031P028957,10,0,0,11,False,1,NA,False
EP01110P008450,3,0,0,30,False,1,NA,False
EP00536P016565,18,28,0,30,True,1,NA,True
EP00962P010666,15,1,0,30,False,1,NA,True
EP00198P011177,14,0,0,16,False,1,NA,False
EP01095P006671,38,0,0,30,False,1,NA,False
EP00897P003669,5,0,0,18,True,1,NA,False
EP01115P004456,6,0,0,15,True,1,NA,False
EP00232P025150,17,0,0,12,False,1,NA,False
EP00520P018750,3,0,0,12,True,1,NA,False
XP_002116865.1,11,59,0,16,False,1,NA,True
EP00350P002940,5,0,0,18,True,1,NA,False
EP00885P002205,40,0,0,30,True,1,NA,False
EP00968P008938,20,1,0,27,False,1,NA,True
EP00146P006912,6,0,3,30,False,1,NA,False
EP00286P007262,40,0,0,24,False,1,NA,False
EP00467P023791,6,39,1,30,False,1,NA,True
EP00869P000966,14,0,1,24,False,1,NA,False
EP00767P004651,31,0,0,30,True,1,NA,False
EP00455P047121,9,0,0,28,False,1,NA,False
EP00914P009026,60,0,0,30,True,1,NA,False
EP00094P004815,5,10,0,30,False,1,NA,True
EP01084P288576,59,0,0,17,False,1,NA,False
EP00100P002964,9,0,9,18,False,1,NA,False
EP00264P136381,3,0,0,20,True,1,NA,False
EP00614P034564,66,0,0,20,True,1,NA,False
EP01036P027859,13,0,0,10,False,1,NA,False
EP01012P032280,5,0,0,23,False,1,NA,False
EP00922P071884,15,2,0,22,False,1,NA,True
EP01039P019496,14,0,0,16,False,1,NA,False
EP00658P060790,5,0,0,16,True,1,NA,False
EP00161P022600,45,0,0,14,False,1,NA,False
EP00956P038273,51,0,0,30,True,1,NA,False
EP00291P014971,46,0,0,30,False,1,NA,False
EP00053P018200,3,0,0,30,True,1,NA,False
EP00170P007843,13,0,0,30,True,1,NA,False
EP00759P020118,7,19,0,15,False,1,NA,True
EP00889P004997,2,13,0,14,False,1,NA,True
EP00736P009793,5,0,0,19,True,1,NA,False
EP00767P004898,4,0,1,30,False,1,NA,False
EP00533P011193,45,0,0,16,False,1,NA,False
EP00187P011331,14,18,0,30,False,1,NA,True
EP01031P006405,6,0,0,17,True,1,NA,False
EP01045P002188,17,9,0,17,False,1,NA,True
EP00005P005054,7,0,0,12,True,1,NA,False
EP00801P010560,3,0,0,30,True,1,NA,False
EP00103P010108,6,0,0,22,True,1,NA,False
EP00873P004495,3,0,0,19,True,1,NA,False
EP00173P005040,38,0,0,26,True,1,NA,False
EP00519P008664,45,0,0,29,False,1,NA,False
EP01137P036265,14,0,0,30,False,1,NA,False
EP00246P018180,6,1,0,11,False,1,NA,True
EP00751P027264,4,63,3,16,False,1,NA,True
EP01018P014255,6,0,0,30,True,1,NA,False
EP00951P012868,5,0,0,11,False,1,NA,False
EP00002P001716,8,34,0,13,False,1,NA,True
EP00630P012250,8,0,0,11,True,1,NA,False
EP01034P024207,3,66,0,20,False,1,NA,True
EP00813P013247,13,1,3,30,False,1,NA,True
EP00670P017054,19,0,0,14,False,1,NA,False
EP00429P060099,8,0,0,3,False,1,NA,False
EP00413P011630,9,61,0,30,False,1,NA,True
EP01036P047731,1,40,0,26,True,1,NA,True
EP00302P052365,66,0,0,30,False,1,NA,False
EP00579P014674,7,33,0,30,False,1,NA,True
EP00321P001467,5,0,0,10,True,1,NA,False
EP01032P000422,26,0,0,10,False,1,NA,False
EP00067P001140,1,10,0,19,True,1,NA,True
EP00481P001469,9,0,0,16,False,1,NA,False
EP00181P003831,4,18,0,18,False,1,NA,True
EP00217P011312,3,0,0,29,True,1,NA,False
EP00111P008022,11,59,0,30,False,1,NA,True
EP00146P008489,6,0,0,24,False,1,NA,False
EP00928P018437,6,63,1,30,False,1,NA,True
EP00043P013886,29,0,0,30,True,1,NA,False
EP00877P004131,18,2,0,22,False,1,NA,True
EP00103P013567,16,0,0,18,False,1,NA,False
EP00888P003116,7,0,0,28,True,1,NA,False
EP00441P032217,19,22,2,23,False,1,NA,True
EP00388P006357,17,9,0,30,False,1,NA,True
EP00945P001984,10,0,25,30,False,1,NA,False
EP00881P004512,1,7,0,18,True,1,NA,True
EP01136P046007,23,0,0,30,False,1,NA,False
EP00035P023417,14,0,0,27,True,1,NA,False
EP00741P008320,15,1,0,10,False,1,NA,True
EP00218P005693,5,0,0,21,False,1,NA,False
EP00438P010385,1,7,0,11,True,1,NA,True
EP00693P002062,15,2,0,30,False,1,NA,True
EP00037P007883,7,59,4,9,False,1,NA,True
EP01123P009475,1,18,0,30,True,1,NA,True
EP00775P002052,12,0,0,11,True,1,NA,False
EP00401P052551,27,0,0,10,True,1,NA,False
EP00624P004389,5,0,0,30,False,1,NA,False
EP00744P023895,9,7,10,20,False,1,NA,True
XP_007401149.1,27,5,0,19,True,1,NA,True
EP00504P004449,4,0,5,30,False,1,NA,False
EP00124P001242,13,0,19,13,False,1,NA,False
EP00811P027296,3,0,0,29,True,1,NA,False
EP00131P003345,1,0,9,30,True,1,NA,False
EP00971P281471,7,1,0,15,False,1,NA,True
EP00967P116430,5,0,0,10,True,1,NA,False
EP00009P016056,8,0,0,14,True,1,NA,False
EP00401P054718,12,0,0,10,False,1,NA,False
EP01041P032485,1,40,0,30,True,1,NA,True
EP01126P035791,25,0,0,14,False,1,NA,False
EP00105P027249,4,25,0,30,False,1,NA,True
EP00418P014665,7,0,0,28,True,1,NA,False
EP00533P011426,15,0,0,18,False,1,NA,False
EP00613P037303,6,16,0,30,False,1,NA,True
EP00702P006399,5,53,10,30,False,1,NA,True
EP00747P218915,8,0,5,11,True,1,NA,False
EP00704P000999,9,5,1,20,False,1,NA,True
EP00411P032575,8,24,0,24,False,1,NA,True
EP01084P291370,12,0,0,16,True,1,NA,False
EP00096P006269,5,0,0,30,False,1,NA,False
EP00834P001898,8,0,0,30,False,1,NA,False
EP01006P047958,7,0,0,24,True,1,NA,False
EP00211P010609,29,0,0,30,True,1,NA,False
EP01092P004984,8,0,0,17,False,1,NA,False
EP00437P062254,13,0,0,20,False,1,NA,False
EP00014P003313,14,0,1,19,False,1,NA,False
EP00103P003801,26,0,0,3,False,1,NA,False
XP_026429012.1,5,57,8,24,False,1,NA,True
EP01136P019852,24,0,0,12,False,1,NA,False
EP00232P001677,5,0,0,18,True,1,NA,False
EP00102P017589,29,3,0,10,False,1,NA,True
EP00281P018218,3,0,0,10,True,1,NA,False
EP00558P013694,23,0,0,30,True,1,NA,False
EP01099P003564,15,0,0,29,False,1,NA,False
EP01097P009130,10,1,0,30,False,1,NA,True
EP01079P009312,3,0,0,15,True,1,NA,False
EP01031P050901,68,1,0,20,False,1,NA,True
EP01155P000784,5,0,0,29,True,1,NA,False
EP01037P012573,8,56,6,28,False,1,NA,True
EP00862P001606,7,0,0,14,False,1,NA,False
EP00442P048349,28,0,0,23,False,1,NA,False
EP00747P171445,17,0,0,17,True,1,NA,False
EP01034P044814,11,19,0,15,False,1,NA,True
XP_682503.1,37,32,0,15,False,1,NA,True
EP00264P003059,17,0,0,19,False,1,NA,False
EP01031P029349,19,2,0,30,False,1,NA,True
EP00449P038348,3,0,0,24,True,1,NA,False
EP00069P012268,3,0,0,17,True,1,NA,False
EP00885P004153,14,0,0,27,True,1,NA,False
EP00429P073033,6,62,2,30,False,1,NA,True
EP00285P002468,3,0,0,15,True,1,NA,False
EP00013P029148,9,0,0,12,True,1,NA,False
XP_030853930.1,7,61,2,11,False,1,NA,True
EP00025P002119,3,0,0,16,True,1,NA,False
EP00903P000221,14,0,0,30,False,1,NA,False
EP01012P032814,4,1,0,12,False,1,NA,True
EP01071P007231,69,0,0,12,False,1,NA,False
EP00295P007506,15,2,0,30,False,1,NA,True
EP00667P031127,14,0,0,22,True,1,NA,False
EP00658P066191,3,0,0,30,True,1,NA,False
EP00998P011003,9,0,0,11,False,1,NA,False
EP00738P002704,3,7,0,30,False,1,NA,True
EP00611P021022,5,0,0,12,True,1,NA,False
EP00480P008628,5,0,0,3,False,1,NA,False
EP00698P025801,6,63,0,23,False,1,NA,True
EP01136P011504,5,0,0,12,False,1,NA,False
EP00738P002099,3,0,0,30,True,1,NA,False
EP00961P037992,35,0,0,28,True,1,NA,False
EP00163P022938,6,0,0,27,True,1,NA,False
EP01024P041676,10,0,0,19,True,1,NA,False
EP01033P000846,65,0,0,18,False,1,NA,False
EP00617P015041,25,0,0,19,False,1,NA,False
EP01042P004961,23,0,0,10,False,1,NA,False
EP00449P057725,10,58,2,17,False,1,NA,True
EP00456P042649,30,0,0,17,True,1,NA,False
EP00528P004597,3,44,13,30,False,1,NA,True
EP01136P044198,10,0,0,30,False,1,NA,False
EP00747P103162,12,48,10,28,False,1,NA,True
EP00484P014643,5,0,0,19,False,1,NA,False
EP00873P030322,3,67,0,14,False,1,NA,True
EP00638P009774,65,0,0,8,False,1,NA,False
EP00919P031647,5,0,0,29,True,1,NA,False
EP01006P013741,10,1,0,23,False,1,NA,True
EP00596P000731,6,33,0,12,False,1,NA,True
EP00881P006633,6,64,0,15,False,1,NA,True
EP01030P010976,68,1,0,13,False,1,NA,True
EP00865P004503,8,0,0,25,True,1,NA,False
EP01091P006841,5,0,0,30,True,1,NA,False
EP01048P012696,5,65,0,12,False,1,NA,True
EP01036P060758,15,2,0,25,False,1,NA,True
EP00156P002291,5,0,0,13,True,1,NA,False
EP00069P011691,7,60,2,30,False,1,NA,True
EP00419P001140,5,0,0,17,True,1,NA,False
EP00054P037252,35,0,0,14,False,1,NA,False
EP00248P006849,12,12,0,29,True,1,NA,True
EP00740P012469,10,0,27,25,False,1,NA,False
EP00019P004482,16,0,0,13,True,1,NA,False
EP00248P009082,33,0,0,22,False,1,NA,False
EP00679P001915,5,0,0,30,True,1,NA,False
EP01039P015642,3,0,0,12,True,1,NA,False
XP_002677076.1,5,1,0,30,True,1,NA,True
EP00698P011784,21,0,0,14,True,1,NA,False
EP00694P008262,5,0,0,25,True,1,NA,False
EP00060P033238,4,1,0,13,True,1,NA,True
EP01123P002218,1,14,0,30,True,1,NA,True
EP00123P022525,36,0,0,19,True,1,NA,False
EP01102P004440,3,0,0,24,True,1,NA,False
EP00037P031869,9,58,3,29,False,1,NA,True
EP00478P001160,12,0,0,16,True,1,NA,False
EP01121P015686,6,0,0,10,True,1,NA,False
EP00743P002569,7,5,0,30,False,1,NA,True
EP00826P029152,18,0,0,30,True,1,NA,False
EP00156P003035,33,0,0,16,True,1,NA,False
EP01089P019207,6,0,0,14,False,1,NA,False
XP_014160473.1,23,0,0,30,True,1,NA,False
EP00615P003065,41,0,0,30,False,1,NA,False
EP00449P035989,13,0,0,19,False,1,NA,False
EP00036P009400,3,1,0,12,False,1,NA,True
EP00091P004441,5,0,0,25,True,1,NA,False
EP00746P009157,20,0,0,13,True,1,NA,False
KAA6407951.1,17,0,0,15,False,1,NA,False
EP00052P007872,29,0,0,29,False,1,NA,False
EP00934P008091,28,0,0,16,False,1,NA,False
EP01085P001863,13,1,1,30,False,1,NA,True
EP01102P002645,49,0,0,28,False,1,NA,False
EP00834P007797,31,0,0,30,True,1,NA,False
EP01034P019965,23,0,0,10,False,1,NA,False
EP00408P027911,4,1,0,12,True,1,NA,True
EP00163P012543,40,0,0,15,False,1,NA,False
EP01030P027688,4,66,0,12,False,1,NA,True
EP01134P002335,61,0,0,30,False,1,NA,False
EP00202P014340,15,0,0,25,False,1,NA,False
EP00053P005108,47,0,0,30,False,1,NA,False
EP00088P023086,10,0,0,11,True,1,NA,False
EP00110P012007,10,0,0,30,True,1,NA,False
EP01083P107584,5,0,0,24,False,1,NA,False
EP00069P019930,41,0,0,30,False,1,NA,False
EP00467P001799,23,0,0,15,True,1,NA,False
EP00967P157770,29,0,0,20,True,1,NA,False
EP00520P003979,2,68,0,30,False,1,NA,True
EP01083P309861,19,0,0,30,False,1,NA,False
EP00747P167631,21,0,0,30,True,1,NA,False
XP_001306210.1,1,10,0,27,True,1,NA,True
EP00494P031725,6,0,0,30,True,1,NA,False
EP01124P009544,6,0,0,12,True,1,NA,False
EP00801P005953,11,2,0,30,False,1,NA,True
XP_002677718.1,4,4,0,21,True,1,NA,True
EP00868P000736,30,0,0,22,True,1,NA,False
EP01126P032071,5,0,0,17,True,1,NA,False
EP00746P035795,9,0,0,28,True,1,NA,False
EP00440P019857,3,0,0,21,True,1,NA,False
EP00901P004255,36,0,0,30,True,1,NA,False
XP_004334352.1,29,0,41,23,False,1,NA,False
EP01036P001034,7,0,0,21,False,1,NA,False
EP00264P120963,16,0,0,12,False,1,NA,False
EP00293P015031,13,0,0,30,False,1,NA,False
EP01156P021828,40,0,0,15,True,1,NA,False
EP01129P015684,1,14,0,24,True,1,NA,True
EP00050P019652,5,21,0,24,False,1,NA,True
EP00747P055589,6,0,0,10,True,1,NA,False
EP00658P031817,1,3,0,17,True,1,NA,True
EP00158P000214,6,0,0,30,True,1,NA,False
EP00271P006756,3,0,0,8,True,1,NA,False
EP00164P020473,1,3,0,26,True,1,NA,True
EP00639P025316,17,37,16,14,False,1,NA,True
EP00405P035919,8,0,0,21,True,1,NA,False
EP00479P011228,5,0,0,13,True,1,NA,False
EP00960P014879,25,0,0,30,False,1,NA,False
EP00425P019082,5,0,0,10,True,1,NA,False
EP00565P000980,3,0,0,21,False,1,NA,False
EP01034P003939,31,3,0,15,False,1,NA,True
EP00026P014834,5,0,0,11,True,1,NA,False
EP00930P099767,5,0,0,14,True,1,NA,False
EP00759P055369,51,0,0,11,False,1,NA,False
XP_032221855.1,1,9,0,14,True,1,NA,True
OLP99106.1,1,7,0,12,True,1,NA,True
EP01052P055189,5,0,0,11,False,1,NA,False
EP00696P016319,7,1,0,24,True,1,NA,True
EP00698P021114,7,0,4,30,False,1,NA,False
EP00036P016009,4,66,0,16,False,1,NA,True
EP00759P007208,6,0,0,19,True,1,NA,False
CEP02783.1,3,0,0,22,True,1,NA,False
EP00420P010376,13,3,0,29,False,1,NA,True
EP01042P028510,7,0,0,15,True,1,NA,False
EP00449P042617,9,0,0,14,False,1,NA,False
EP00427P027382,6,61,2,30,False,1,NA,True
EP01136P009537,13,0,0,11,False,1,NA,False
EP01024P010999,1,7,0,30,True,1,NA,True
EP00020P002789,9,0,0,30,True,1,NA,False
EP00753P010670,10,0,0,21,True,1,NA,False
EP00475P027854,10,1,0,11,True,1,NA,True
EP00917P005839,18,1,0,19,False,1,NA,True
EP01122P014094,13,0,0,17,False,1,NA,False
EP00236P002215,4,0,0,25,True,1,NA,False
EP01066P021060,27,0,0,30,False,1,NA,False
EP01037P041162,5,0,0,18,True,1,NA,False
EP01045P005179,18,0,0,11,False,1,NA,False
EP00744P033922,7,2,0,25,False,1,NA,True
EP00797P021283,43,0,0,23,True,1,NA,False
EP00451P038511,5,0,0,15,True,1,NA,False
EP00331P018774,2,15,0,10,False,1,NA,True
EP01114P023479,5,0,0,30,True,1,NA,False
EP00802P014966,2,67,0,30,False,1,NA,True
EP00977P003022,8,3,0,16,False,1,NA,True
EP00450P033627,7,0,0,20,False,1,NA,False
EP00746P048257,20,0,0,13,True,1,NA,False
EP00263P016865,8,62,0,11,False,1,NA,True
EP00179P027992,3,0,0,30,True,1,NA,False
NP_001303252.1,11,0,0,30,True,1,NA,False
EP00456P002515,21,0,0,25,True,1,NA,False
EP00525P006633,5,17,2,30,False,1,NA,True
EP00439P075191,5,0,0,29,True,1,NA,False
EP00761P008301,31,0,0,12,False,1,NA,False
EP00475P030285,7,61,2,30,False,1,NA,True
EP01106P018399,35,0,0,29,False,1,NA,False
EP00658P064492,36,0,0,30,False,1,NA,False
EP00129P015212,3,0,0,10,True,1,NA,False
EP00457P018849,14,0,0,30,True,1,NA,False
EP00731P012009,5,0,0,10,True,1,NA,False
XP_018190891.1,12,0,0,30,True,1,NA,False
EP00158P007242,5,0,0,30,True,1,NA,False
EP01084P263770,13,49,0,30,False,1,NA,True
EP01029P024147,9,0,0,21,False,1,NA,False
EP01126P021703,34,0,0,30,True,1,NA,False
EP00173P002348,32,0,0,30,False,1,NA,False
EP00285P000463,5,0,0,25,True,1,NA,False
EP01106P012890,1,3,0,16,True,1,NA,True
EP00746P057142,13,40,17,30,False,1,NA,True
EP00256P061947,24,0,0,30,False,1,NA,False
EP00753P008774,15,52,3,30,False,1,NA,True
EP00063P065072,5,0,0,16,True,1,NA,False
EP00866P001925,2,11,0,11,False,1,NA,True
EP00293P015477,9,0,0,22,True,1,NA,False
EP00064P018029,29,0,13,29,False,1,NA,False
EP01155P050379,6,59,5,30,False,1,NA,True
EP01083P120198,8,10,0,20,False,1,NA,True
EP00197P000213,19,51,0,30,False,1,NA,True
EP00587P017102,7,0,10,30,False,1,NA,False
EP00701P006491,15,10,0,14,False,1,NA,True
EP00190P000997,12,47,0,24,True,1,NA,True
EP00132P002232,3,0,0,22,True,1,NA,False
EP00241P012458,5,0,0,10,True,1,NA,False
EP00571P016898,27,0,0,14,True,1,NA,False
EP00574P002892,10,0,1,30,False,1,NA,False
EP00111P015727,5,40,1,30,False,1,NA,True
EP00312P003389,3,63,4,30,False,1,NA,True
EP00761P004723,5,0,0,16,True,1,NA,False
EP01041P019241,14,0,3,14,False,1,NA,False
EP01119P017655,19,0,0,10,False,1,NA,False
EP00831P008247,5,62,3,18,False,1,NA,True
EP00443P079129,1,60,0,28,True,1,NA,True
EP00197P012421,5,0,0,20,True,1,NA,False
EP01025P023736,49,0,0,12,False,1,NA,False
EP00884P000292,28,0,0,13,False,1,NA,False
EP01012P014658,10,11,0,22,False,1,NA,True
EP00928P018152,9,9,0,25,True,1,NA,True
EP00703P007313,3,0,0,11,True,1,NA,False
EP00010P009483,3,0,0,28,True,1,NA,False
EP00011P015112,24,1,0,30,False,1,NA,True
EP00754P042822,20,0,0,15,False,1,NA,False
EP00088P062297,8,56,6,11,False,1,NA,True
EP00948P003856,2,65,3,21,True,1,NA,True
EP00288P017692,13,0,0,23,True,1,NA,False
EP01083P096814,8,1,0,11,False,1,NA,True
EP00429P023966,8,19,0,30,False,1,NA,True
EP00392P012289,5,0,0,15,True,1,NA,False
EP00443P126299,13,0,0,14,True,1,NA,False
EP00831P016099,3,0,0,30,False,1,NA,False
EP00230P009059,6,58,0,13,False,1,NA,True
EP00486P015813,8,0,0,30,True,1,NA,False
EP00706P013879,10,0,0,30,False,1,NA,False
EP00263P017571,42,0,0,25,False,1,NA,False
EP01024P074631,1,10,0,27,True,1,NA,True
EP00126P015093,48,0,0,19,False,1,NA,False
EP00750P028581,35,24,0,10,False,1,NA,True
EP00048P016203,1,8,0,30,True,1,NA,True
EP00879P011029,41,10,0,11,False,1,NA,True
EP01090P014455,3,0,0,15,True,1,NA,False
EP01086P005319,27,0,0,10,False,1,NA,False
XP_001637129.1,19,0,0,30,True,1,NA,False
EP00268P045258,10,0,0,28,False,1,NA,False
EP00540P010901,5,0,0,20,True,1,NA,False
EP00300P001037,3,0,0,20,True,1,NA,False
EP00731P000930,3,9,0,19,False,1,NA,True
EP00286P018466,18,0,0,12,True,1,NA,False
EP01123P002590,3,0,0,30,False,1,NA,False
EP00929P094129,44,0,0,29,True,1,NA,False
EP00658P033269,18,0,0,17,True,1,NA,False
EP00861P011088,19,0,0,30,True,1,NA,False
EP00511P007211,11,0,0,15,True,1,NA,False
EP00456P007850,1,3,0,13,True,1,NA,True
EP01012P011279,11,0,0,30,False,1,NA,False
EP00438P011928,3,0,0,25,True,1,NA,False
EP00299P008486,5,16,0,30,False,1,NA,True
EP01026P011743,65,0,0,20,False,1,NA,False
EP01112P000436,21,49,0,13,False,1,NA,True
EP00322P019454,26,24,0,26,True,1,NA,True
EP00427P044844,9,1,9,21,False,1,NA,True
EP00043P017289,9,0,0,27,True,1,NA,False
EP00767P001412,1,13,0,30,True,1,NA,True
EP00040P017042,41,0,0,30,True,1,NA,False
EP00279P011822,5,0,0,16,True,1,NA,False
EP00250P012603,62,0,0,13,False,1,NA,False
EP00803P007114,5,0,0,30,True,1,NA,False
EP00903P022363,29,0,0,4,False,1,NA,False
EP00906P032525,1,60,0,26,True,1,NA,True
EP00428P033993,3,7,0,12,False,1,NA,True
EP00102P005501,10,29,0,27,False,1,NA,True
EP00659P004746,4,25,0,30,False,1,NA,True
EP00129P012245,9,0,24,21,False,1,NA,False
EP00913P013085,11,0,0,16,True,1,NA,False
EP00163P009480,5,0,0,23,False,1,NA,False
EP00908P024305,3,67,0,12,False,1,NA,True
EP00593P003672,4,16,0,15,True,1,NA,True
EP00884P010487,24,0,0,24,False,1,NA,False
EP01027P021789,5,0,0,13,True,1,NA,False
EP00103P022836,10,0,0,30,True,1,NA,False
EP00315P040351,6,0,0,13,True,1,NA,False
EP00327P027528,7,3,0,24,False,1,NA,True
EP00416P025022,6,0,0,21,True,1,NA,False
EP00759P055017,9,0,0,10,True,1,NA,False
EP00818P009811,5,0,0,25,False,1,NA,False
EP00029P003058,32,0,0,30,True,1,NA,False
EP00754P007062,6,0,0,30,True,1,NA,False
EP00011P009308,66,0,0,27,False,1,NA,False
EP00435P056767,14,0,0,28,False,1,NA,False
EP01036P026575,26,0,0,20,False,1,NA,False
EP00443P050965,3,63,4,14,False,1,NA,True
EP00060P006597,9,19,0,30,False,1,NA,True
EP01092P000732,5,0,0,14,True,1,NA,False
EP00042P045333,10,20,0,16,False,1,NA,True
EP00331P012250,13,0,0,30,False,1,NA,False
EP01025P039219,3,27,0,30,True,1,NA,True
EP00439P050728,9,0,0,30,False,1,NA,False
EP01046P073116,16,0,0,30,False,1,NA,False
EP00063P065931,32,0,0,12,False,1,NA,False
EP00602P004759,5,64,0,29,False,1,NA,True
EP00262P012709,10,2,0,30,False,1,NA,True
EP00525P004381,8,0,20,12,False,1,NA,False
EP01034P000744,11,8,0,13,False,1,NA,True
EP01122P014716,9,0,0,14,True,1,NA,False
EP01030P021447,7,3,0,22,False,1,NA,True
EP00054P032903,11,3,0,30,False,1,NA,True
EP00854P026767,11,59,0,11,False,1,NA,True
EP01042P008840,28,14,0,21,False,1,NA,True
EP00753P012880,11,2,0,17,False,1,NA,True
EP00339P029351,35,0,0,26,True,1,NA,False
EP01155P017691,6,0,0,11,True,1,NA,False
EP01025P063959,49,0,0,13,False,1,NA,False
EP01099P004951,2,32,0,30,False,1,NA,True
EP00764P003383,3,0,0,13,True,1,NA,False
EP00003P026730,15,0,0,30,True,1,NA,False
EP00634P013283,5,64,0,13,False,1,NA,True
EP00897P007897,4,20,0,15,False,1,NA,True
XP_015639080.2,10,0,0,13,True,1,NA,False
EP00294P016426,19,0,0,13,False,1,NA,False
EP00117P025071,4,1,0,24,True,1,NA,True
EP00029P008488,7,0,0,27,True,1,NA,False
EP01117P008970,7,0,0,14,True,1,NA,False
EP01041P011831,3,0,0,12,True,1,NA,False
EP01083P060851,12,0,0,12,False,1,NA,False
EP01109P005559,9,38,0,12,False,1,NA,True
EP00901P004111,1,18,0,21,True,1,NA,True
EP00419P055237,15,55,0,30,False,1,NA,True
EP00299P012462,13,0,0,20,False,1,NA,False
EP00446P002297,5,63,2,14,False,1,NA,True
EP01035P032072,6,50,0,13,False,1,NA,True
EP00052P023253,6,61,3,20,False,1,NA,True
EP00863P015953,4,0,27,30,False,1,NA,False
EP00312P000992,5,0,0,11,True,1,NA,False
EP01125P015527,21,41,0,30,False,1,NA,True
EP00966P183040,6,0,0,13,True,1,NA,False
EP00631P006541,20,0,0,17,False,1,NA,False
EP00609P011089,3,0,0,22,True,1,NA,False
EP01037P025699,20,0,0,20,False,1,NA,False
EP01030P015614,1,26,0,11,True,1,NA,True
EP00824P013066,7,0,0,15,False,1,NA,False
EP00051P035634,51,0,0,30,True,1,NA,False
EP00408P031490,4,10,0,29,True,1,NA,True
EP00118P012882,9,37,3,10,False,1,NA,True
EP00401P030033,3,0,0,14,True,1,NA,False
EP00930P038402,4,65,0,15,False,1,NA,True
EP00480P013462,1,3,0,26,True,1,NA,True
EP00421P064048,3,0,0,26,True,1,NA,False
EP00449P047018,10,0,0,30,True,1,NA,False
EP00770P002484,5,19,0,30,False,1,NA,True
EP01126P058724,5,0,0,11,True,1,NA,False
EP00080P015721,5,60,5,23,False,1,NA,True
EP00396P000110,5,0,0,30,True,1,NA,False
EP00092P072485,11,0,0,30,False,1,NA,False
EP00672P012284,13,0,0,15,True,1,NA,False
EP01136P018510,17,0,0,18,False,1,NA,False
EP00264P182256,5,0,0,22,True,1,NA,False
EP01043P005884,30,12,0,16,False,1,NA,True
EP00303P003571,3,0,0,18,True,1,NA,False
EP00227P018676,3,2,0,18,True,1,NA,True
EP01062P067030,31,0,0,30,True,1,NA,False
EP00860P001778,6,1,0,22,False,1,NA,True
EP00829P018975,36,0,0,30,False,1,NA,False
EP01029P027752,1,15,0,30,True,1,NA,True
EP00865P002621,9,61,0,30,False,1,NA,True
EP01137P028877,7,61,2,30,False,1,NA,True
EP00440P004914,8,7,0,19,True,1,NA,True
EP00918P078850,1,7,0,28,True,1,NA,True
EP01006P031575,5,0,0,13,True,1,NA,False
EP00736P001422,3,0,0,13,True,1,NA,False
EP00348P009215,6,0,0,10,True,1,NA,False
EP00467P001801,5,60,5,13,False,1,NA,True
EP00880P008216,11,0,0,30,True,1,NA,False
EP01012P067595,55,3,0,30,False,1,NA,True
EP00005P009401,10,0,0,10,True,1,NA,False
EP01037P010213,7,1,0,13,True,1,NA,True
EP00934P008781,5,0,0,9,True,1,NA,False
EP00331P035155,32,0,0,30,True,1,NA,False
EP00648P007567,10,39,0,30,False,1,NA,True
EP00268P044816,6,2,0,30,False,1,NA,True
EP00389P002215,7,0,0,11,True,1,NA,False
EP00647P016045,31,2,0,24,False,1,NA,True
EP00966P307496,13,0,0,10,True,1,NA,False
EP00088P037788,29,0,0,30,True,1,NA,False
EP01104P016383,6,1,1,30,False,1,NA,True
EP00953P004142,5,30,0,14,False,1,NA,True
EP00117P044995,3,23,0,30,False,1,NA,True
EP00382P003730,7,0,0,30,False,1,NA,False
EP01040P018803,12,0,0,19,False,1,NA,False
EP00186P002962,13,0,0,26,False,1,NA,False
EP00998P006634,7,0,0,18,False,1,NA,False
EP00520P010086,20,3,0,30,False,1,NA,True
EP01094P011197,59,4,0,10,False,1,NA,True
EP00754P030533,3,38,0,12,False,1,NA,True
EP01026P008305,7,0,0,14,False,1,NA,False
EP00708P005829,7,20,0,16,False,1,NA,True
EP00057P008717,45,0,0,29,False,1,NA,False
EP01093P003971,7,0,0,23,False,1,NA,False
EP00030P008937,9,0,0,30,False,1,NA,False
EP00372P004042,36,0,0,24,True,1,NA,False
EP00541P004418,56,0,0,30,True,1,NA,False
EP01086P006405,2,62,6,29,False,1,NA,True
EP00923P029404,5,0,0,19,True,1,NA,False
EP00730P016954,30,0,1,30,False,1,NA,False
EP01030P023948,9,0,0,30,False,1,NA,False
EP00100P010575,8,62,0,11,False,1,NA,True
EP00435P007141,12,0,0,11,False,1,NA,False
EP01016P013654,5,0,0,23,True,1,NA,False
EP01033P002750,5,0,0,12,True,1,NA,False
EP00565P000161,8,1,0,11,False,1,NA,True
EP01126P003997,9,0,0,14,True,1,NA,False
EP00922P028588,12,56,2,16,False,1,NA,True
EP00854P006282,13,48,0,30,False,1,NA,True
XP_001639219.1,3,0,0,30,True,1,NA,False
EP00799P000356,36,0,0,10,True,1,NA,False
EP00515P012798,3,0,0,30,True,1,NA,False
EP00630P009299,7,63,0,30,False,1,NA,True
EP00892P009869,10,47,13,30,False,1,NA,True
EP00151P007413,2,40,0,17,False,1,NA,True
EP00021P002842,64,0,0,18,False,1,NA,False
EP01088P008006,33,0,0,30,False,1,NA,False
EP00419P084169,62,0,0,12,False,1,NA,False
EP01028P005176,17,30,0,30,False,1,NA,True
EP01087P011463,1,3,0,11,True,1,NA,True
EP00434P025184,9,3,0,14,False,1,NA,True
EP01062P026815,15,0,1,30,False,1,NA,False
EP00927P059305,11,0,0,30,False,1,NA,False
EP00286P001429,45,0,0,28,False,1,NA,False
EP00154P008417,3,43,0,27,False,1,NA,True
EP00440P070412,3,0,0,17,True,1,NA,False
EP00456P056962,2,67,0,30,False,1,NA,True
EP01155P004752,13,0,0,12,True,1,NA,False
CBJ48405.1,6,0,0,12,True,1,NA,False
EP01080P000903,11,0,0,13,True,1,NA,False
EP01139P017473,6,5,0,13,False,1,NA,True
EP00045P021159,3,0,0,11,True,1,NA,False
XP_030840811.1,4,66,0,27,False,1,NA,True
EP00068P014049,7,0,0,24,True,1,NA,False
EP00303P015548,3,64,3,30,False,1,NA,True
EP00088P055946,3,0,0,30,False,1,NA,False
EP00418P085950,3,0,0,30,True,1,NA,False
EP01129P000429,1,5,0,27,True,1,NA,True
EP00326P033849,3,0,0,10,True,1,NA,False
EP00040P033453,29,0,13,17,False,1,NA,False
EP00519P005251,30,0,0,25,True,1,NA,False
EP00658P077544,15,0,0,25,True,1,NA,False
EP00613P069516,14,0,0,20,True,1,NA,False
EP01132P019536,17,0,0,30,False,1,NA,False
EP00333P018658,2,12,0,11,False,1,NA,True
EP00971P037319,3,0,0,23,True,1,NA,False
EP01126P009328,10,59,1,27,False,1,NA,True
EP00746P154590,17,0,0,24,True,1,NA,False
EP00299P017403,13,1,0,30,False,1,NA,True
EP00231P008958,35,0,0,29,True,1,NA,False
EP00871P000651,4,0,1,25,False,1,NA,False
EP01051P024235,5,0,0,26,False,1,NA,False
EP00609P015799,64,0,0,30,False,1,NA,False
EP00861P000961,1,31,0,14,True,1,NA,True
EP00257P005507,3,9,0,30,False,1,NA,True
EP00333P014485,15,1,0,24,False,1,NA,True
EP00756P034645,3,18,32,30,False,1,NA,True
EP00475P024295,67,3,0,13,False,1,NA,True
EP00295P029024,28,3,0,23,False,1,NA,True
XP_002679755.1,5,61,4,30,False,1,NA,True
EP00747P184313,22,0,0,18,False,1,NA,False
EP00004P016310,30,0,0,28,False,1,NA,False
EP01127P024743,11,0,0,30,False,1,NA,False
EP01111P007228,3,0,0,30,True,1,NA,False
EP00957P108644,16,0,0,14,False,1,NA,False
EP00274P003292,13,0,0,26,True,1,NA,False
EP01041P031515,14,0,0,11,True,1,NA,False
EP00825P037460,8,20,0,18,False,1,NA,True
EP00967P130295,5,0,0,24,True,1,NA,False
EP01043P015238,11,0,0,30,True,1,NA,False
EP00443P004970,3,0,0,26,True,1,NA,False
EP00178P021543,15,0,0,25,False,1,NA,False
EP00930P056237,2,14,0,25,False,1,NA,True
EP00747P097948,12,1,1,11,False,1,NA,True
EP00884P001397,23,0,0,22,False,1,NA,False
EP00895P009301,3,47,0,30,False,1,NA,True
EP00211P004594,43,0,0,14,False,1,NA,False
EP00917P011304,10,2,0,13,False,1,NA,True
EP00794P009600,18,10,0,16,False,1,NA,True
EP00357P015446,4,1,0,15,False,1,NA,True
EP00437P038042,56,0,0,29,True,1,NA,False
EP00542P006448,4,5,0,19,True,1,NA,True
EP01102P003585,6,0,0,23,True,1,NA,False
EP01039P012274,5,0,0,24,True,1,NA,False
EP01087P024925,10,0,24,23,False,1,NA,False
XP_005782427.1,4,64,2,30,False,1,NA,True
EP00913P023253,3,0,0,22,True,1,NA,False
EP00845P016583,4,22,0,28,True,1,NA,True
EP01123P009388,17,9,0,13,False,1,NA,True
EP01155P042314,5,0,0,17,False,1,NA,False
EP01069P001631,66,0,0,24,False,1,NA,False
EP00747P073980,3,9,0,5,False,1,NA,True
EP00828P018079,9,0,0,19,False,1,NA,False
EP00228P007110,22,0,0,12,True,1,NA,False
EP00484P016252,14,52,3,30,False,1,NA,True
EP01035P049996,17,0,0,11,False,1,NA,False
EP00650P007772,7,0,0,11,False,1,NA,False
EP01136P027899,7,0,0,27,False,1,NA,False
EP01030P028929,5,0,0,11,True,1,NA,False
EP00058P017697,3,0,0,19,False,1,NA,False
EP00287P023564,10,0,1,29,False,1,NA,False
EP00769P004726,17,53,0,30,False,1,NA,True
EP01012P060654,4,2,0,19,False,1,NA,True
EP00245P013305,27,0,0,30,False,1,NA,False
EP00307P004760,3,0,0,26,True,1,NA,False
EP00249P002233,11,0,0,30,False,1,NA,False
EP00698P019215,41,0,0,30,True,1,NA,False
EP01117P001103,40,7,0,30,False,1,NA,True
EP00698P003604,11,20,0,28,False,1,NA,True
EP00729P016126,10,0,0,30,False,1,NA,False
NP_001294473.1,4,64,2,25,False,1,NA,True
EP01111P009579,1,14,0,17,True,1,NA,True
EP00924P012961,4,0,0,30,True,1,NA,False
EP00829P017533,34,0,0,30,True,1,NA,False
EP00130P008330,5,58,0,30,False,1,NA,True
EP01027P006554,5,1,1,30,False,1,NA,True
EP00258P025345,6,0,0,18,True,1,NA,False
NP_001319277.1,7,0,0,28,True,1,NA,False
EP00048P018063,3,0,0,20,True,1,NA,False
EP00933P079115,19,0,0,13,False,1,NA,False
EP00686P011217,5,23,0,30,False,1,NA,True
EP00756P065794,23,0,0,30,True,1,NA,False
EP01036P016103,9,0,0,30,False,1,NA,False
EP00429P073848,31,0,0,30,False,1,NA,False
XP_007717140.1,8,33,14,11,False,1,NA,True
EP00350P011468,3,0,0,26,True,1,NA,False
EP01155P006758,3,0,0,24,False,1,NA,False
EP01104P006767,47,0,0,16,False,1,NA,False
EP00206P004317,3,0,0,23,True,1,NA,False
EP00832P008483,20,0,0,30,True,1,NA,False
EP00158P000179,14,0,0,20,False,1,NA,False
EP00333P008511,3,0,0,30,True,1,NA,False
EP00444P061693,24,1,0,30,False,1,NA,True
EP00256P003191,29,0,0,28,True,1,NA,False
EP00091P003091,8,0,0,30,True,1,NA,False
EP01031P041976,4,61,5,22,False,1,NA,True
EP01093P014770,10,1,0,30,False,1,NA,True
EP01057P005643,3,16,2,27,False,1,NA,True
EP00638P003560,7,2,0,30,False,1,NA,True
EP00591P010460,13,49,0,24,False,1,NA,True
EP00840P010184,8,0,0,30,True,1,NA,False
EP00276P003050,1,4,0,30,True,1,NA,True
EP00042P054290,8,19,0,30,False,1,NA,True
EP00561P000437,23,0,0,18,True,1,NA,False
EP00131P001305,4,38,0,30,False,1,NA,True
EP00427P027440,10,0,0,27,True,1,NA,False
EP00211P019291,16,0,0,30,True,1,NA,False
EP01016P056885,10,19,0,30,False,1,NA,True
EP00603P010280,12,2,0,30,False,1,NA,True
EP00193P014236,10,2,0,27,False,1,NA,True
EP00064P000327,7,55,0,19,True,1,NA,True
EP00824P009201,1,20,0,13,True,1,NA,True
EP00264P138559,3,0,1,15,False,1,NA,False
EP00953P033239,1,11,0,22,True,1,NA,True
EP00005P009234,1,7,0,30,True,1,NA,True
EP01052P034833,3,0,0,22,True,1,NA,False
EP01038P000216,6,0,0,10,False,1,NA,False
EP00742P009391,6,0,0,24,True,1,NA,False
EP00008P000988,45,0,0,30,True,1,NA,False
EP00297P022953,5,0,1,11,False,1,NA,False
EP00959P427451,5,0,0,10,True,1,NA,False
EP01101P001068,1,3,0,29,True,1,NA,True
EP00831P002602,6,0,0,17,False,1,NA,False
EP00961P129543,5,0,0,19,False,1,NA,False
EP01090P019642,5,0,0,19,True,1,NA,False
EP01024P044483,19,0,0,11,True,1,NA,False
OLQ15014.1,5,1,0,15,False,1,NA,True
EP00939P005184,18,2,0,30,False,1,NA,True
EP00818P009255,10,1,0,13,True,1,NA,True
EP00006P011909,8,0,0,17,False,1,NA,False
XP_004338768.1,6,62,2,30,False,1,NA,True
EP01115P003480,3,9,0,13,False,1,NA,True
EP01034P002482,5,0,0,30,False,1,NA,False
EP00808P025493,17,0,0,11,False,1,NA,False
EP00151P003696,25,0,0,17,False,1,NA,False
EP00904P011283,16,0,1,12,False,1,NA,False
EP00559P003792,58,0,0,15,False,1,NA,False
EP00831P044979,6,0,0,13,False,1,NA,False
EP01023P044335,6,0,0,15,True,1,NA,False
EP00406P060182,13,0,0,14,False,1,NA,False
EP00277P047288,23,0,0,16,False,1,NA,False
EP01061P013673,64,0,0,30,False,1,NA,False
EP00845P002060,5,0,0,18,True,1,NA,False
EP00746P113649,8,34,0,20,False,1,NA,True
EP00250P015211,10,0,0,29,True,1,NA,False
EP01089P014531,2,67,0,16,False,1,NA,True
EP01028P007088,55,0,0,11,False,1,NA,False
EP01013P003805,5,61,4,30,False,1,NA,True
EP00499P004310,9,1,0,13,False,1,NA,True
EP00197P000097,51,0,0,30,False,1,NA,False
EP00229P003257,7,0,0,30,False,1,NA,False
EP01080P010171,14,0,1,13,True,1,NA,False
EP00454P020651,24,22,0,30,False,1,NA,True
EP00971P098071,33,0,0,15,False,1,NA,False
EP01065P024891,64,0,0,17,False,1,NA,False
EP01036P007122,6,0,0,29,False,1,NA,False
EP00942P005136,4,64,2,11,False,1,NA,True
EP00286P015347,3,6,0,25,False,1,NA,True
EP00060P021908,14,3,0,21,True,1,NA,True
EP01091P014109,5,0,0,16,True,1,NA,False
EP01063P012782,12,30,0,30,False,1,NA,True
EP01114P024259,5,6,0,28,True,1,NA,True
EP00694P008111,14,52,3,30,False,1,NA,True
EP00756P058149,9,0,0,20,False,1,NA,False
EP00249P004478,3,0,0,3,True,1,NA,False
EP00403P010694,6,62,2,30,False,1,NA,True
EP00793P003170,32,23,0,29,False,1,NA,True
EP01124P018797,3,0,0,17,True,1,NA,False
EP00625P006456,13,48,0,30,False,1,NA,True
EP00761P008473,3,0,0,15,True,1,NA,False
EP00416P004364,11,45,0,30,False,1,NA,True
EP01147P010831,52,0,0,30,True,1,NA,False
EP01120P008765,5,0,0,22,True,1,NA,False
EP01084P072329,6,0,0,17,False,1,NA,False
EP01118P003532,13,0,0,22,True,1,NA,False
EP00897P003815,16,2,0,21,False,1,NA,True
EP00881P008468,3,0,0,25,True,1,NA,False
EP00562P007061,3,45,0,11,False,1,NA,True
EP00451P054174,3,0,0,21,True,1,NA,False
EP00036P011636,53,0,4,14,False,1,NA,False
EP00168P018621,3,2,0,30,True,1,NA,True
EP01084P214284,26,0,0,29,True,1,NA,False
EP00947P005204,2,67,1,21,False,1,NA,True
EP00656P018442,5,0,0,18,True,1,NA,False
EP01042P018470,2,14,0,23,False,1,NA,True
EP01105P028497,45,0,0,30,False,1,NA,False
EP00494P003465,15,0,0,27,False,1,NA,False
EP00875P015023,19,0,0,11,False,1,NA,False
EP00382P011223,41,0,0,25,True,1,NA,False
EP00191P005396,3,63,4,12,False,1,NA,True
EP00160P005814,51,0,0,22,False,1,NA,False
EP00250P005954,5,0,0,28,True,1,NA,False
EP01029P010458,18,0,0,11,True,1,NA,False
EP01083P210844,7,0,0,19,True,1,NA,False
EP00971P264231,9,0,0,30,True,1,NA,False
EP00906P018627,1,5,0,30,True,1,NA,True
EP01024P062062,41,0,0,15,False,1,NA,False
EP00607P008928,9,22,0,25,False,1,NA,True
EP00831P080845,19,0,0,19,False,1,NA,False
EP01035P008075,18,7,1,26,False,1,NA,True
EP01110P007431,9,1,0,21,False,1,NA,True
EP00656P050386,3,0,0,21,True,1,NA,False
EP00405P015036,29,0,0,22,False,1,NA,False
EP01024P069440,6,64,0,26,False,1,NA,True
EP00072P035842,5,0,0,27,True,1,NA,False
EP00558P003858,60,0,0,30,True,1,NA,False
PTQ40344.1,8,20,0,30,False,1,NA,True
EP00260P006682,10,0,3,26,False,1,NA,False
EP00763P000414,4,0,5,30,False,1,NA,False
EP01037P001945,7,63,0,30,False,1,NA,True
EP00577P001316,5,0,0,3,False,1,NA,False
EP00602P010812,2,10,0,22,False,1,NA,True
EP00898P004862,3,0,0,30,True,1,NA,False
EP00029P005095,47,0,0,14,False,1,NA,False
EP00849P005678,44,0,0,29,True,1,NA,False
EP00406P029641,3,0,0,18,True,1,NA,False
EP00767P002434,10,29,0,12,False,1,NA,True
EP00747P028721,3,0,0,21,True,1,NA,False
EP00595P003002,16,0,0,30,True,1,NA,False
EP00874P001539,12,13,12,25,False,1,NA,True
EP00162P018001,34,0,0,20,False,1,NA,False
EP00303P002562,6,0,0,30,True,1,NA,False
EP00959P167989,56,0,0,10,False,1,NA,False
EP00072P009553,1,3,0,30,True,1,NA,True
EP00245P011525,7,0,6,13,False,1,NA,False
EP01001P013054,5,3,0,18,False,1,NA,True
EP00826P063001,7,0,0,23,True,1,NA,False
EP01108P006670,7,0,0,30,False,1,NA,False
EP01125P020825,5,61,4,30,False,1,NA,True
EP00122P020758,36,0,0,17,True,1,NA,False
EP00033P002404,20,0,0,20,True,1,NA,False
EP00035P022336,19,0,0,24,False,1,NA,False
EP00511P000628,6,15,0,12,False,1,NA,True
EP00227P020174,39,0,0,15,True,1,NA,False
EP00085P006324,3,0,0,28,True,1,NA,False
EP00825P028997,6,0,0,13,False,1,NA,False
EP00163P023273,5,0,0,28,True,1,NA,False
EP00597P007172,14,0,0,13,True,1,NA,False
EP00456P084818,6,64,0,30,False,1,NA,True
EP01047P002927,48,12,0,20,False,1,NA,True
EP00750P003156,5,0,0,10,True,1,NA,False
EP00026P014908,3,64,0,15,False,1,NA,True
EP00455P041147,3,67,0,30,False,1,NA,True
EP00953P007254,31,0,13,21,False,1,NA,False
EP01041P024678,7,57,6,27,False,1,NA,True
EP00948P000122,29,0,0,30,False,1,NA,False
EP00811P023376,29,0,0,30,True,1,NA,False
EP00036P025675,12,0,0,30,True,1,NA,False
EP01036P015234,22,0,0,20,False,1,NA,False
EP00976P005622,5,0,0,27,False,1,NA,False
EP00827P006210,10,0,0,30,True,1,NA,False
EP00768P007445,3,0,3,30,False,1,NA,False
EP00314P011769,1,10,0,30,True,1,NA,True
EP00351P000098,2,40,0,30,False,1,NA,True
EP00905P006762,14,0,0,30,True,1,NA,False
EP01013P031268,7,2,0,18,False,1,NA,True
EP00411P018767,44,0,0,15,False,1,NA,False
EP00093P007381,5,62,2,19,False,1,NA,True
RWR88678.1,66,0,0,16,False,1,NA,False
EP00826P036083,1,3,0,10,True,1,NA,True
EP00345P005698,5,0,0,14,False,1,NA,False
EP00811P016834,63,4,0,30,False,1,NA,True
EP00520P016261,5,1,1,25,False,1,NA,True
XP_007709574.1,10,0,1,29,True,1,NA,False
EP00931P030858,25,0,0,12,False,1,NA,False
EP00439P088743,4,65,0,28,False,1,NA,True
EP00130P007040,3,0,0,30,True,1,NA,False
EP00729P001667,3,0,0,18,True,1,NA,False
EP01032P034043,12,0,0,26,False,1,NA,False
EP00613P004129,35,0,0,30,True,1,NA,False
EP00876P001835,3,0,30,30,False,1,NA,False
EP00653P012711,5,1,1,30,False,1,NA,True
EP00555P011849,1,7,0,8,True,1,NA,True
EP00043P003873,6,0,3,30,False,1,NA,False
EP00161P013655,3,0,0,30,False,1,NA,False
EP01040P003305,29,0,0,27,True,1,NA,False
EP00879P023807,5,0,0,15,True,1,NA,False
EP00753P014770,3,0,0,22,True,1,NA,False
EP00646P010625,17,0,0,11,True,1,NA,False
EP00795P013035,1,3,0,24,True,1,NA,True
EP01047P126727,6,0,0,26,True,1,NA,False
EP00462P008701,9,3,0,13,False,1,NA,True
EP00298P016249,8,0,0,28,False,1,NA,False
EP00235P007271,9,0,0,30,True,1,NA,False
EP00355P006752,21,2,0,14,True,1,NA,True
EP00329P001875,4,0,0,17,True,1,NA,False
EP00084P006068,1,69,0,13,True,1,NA,True
EP00613P082545,8,0,0,17,False,1,NA,False
EP00955P038814,32,1,0,13,False,1,NA,True
EP00302P013279,2,0,0,30,True,1,NA,False
EP00429P134269,1,3,0,27,True,1,NA,True
EP00421P054089,10,0,0,30,False,1,NA,False
EP01013P012969,15,0,0,16,True,1,NA,False
EP01034P024430,6,0,0,30,False,1,NA,False
EP01032P036789,5,0,0,10,True,1,NA,False
EP00009P002168,6,0,0,21,True,1,NA,False
EP00966P245769,7,0,0,30,False,1,NA,False
EP00390P009149,1,19,0,28,True,1,NA,True
EP00264P187421,7,0,0,17,True,1,NA,False
EP00494P021147,9,0,0,11,True,1,NA,False
EP00131P006314,24,0,0,10,False,1,NA,False
EP00525P001910,34,7,0,23,False,1,NA,True
EP00831P006009,5,1,0,10,False,1,NA,True
EP00920P012525,3,0,0,30,True,1,NA,False
EP01099P001366,1,8,0,26,True,1,NA,True
EP01097P010342,12,0,0,30,False,1,NA,False
EP00195P014777,9,0,0,30,False,1,NA,False
EP00490P006772,20,0,0,30,False,1,NA,False
EP00130P004937,1,0,9,30,True,1,NA,False
XP_026394389.1,10,0,0,16,True,1,NA,False
EP00418P022471,14,0,0,9,True,1,NA,False
EP01037P015539,3,0,0,18,True,1,NA,False
EP00727P002921,14,1,0,12,True,1,NA,True
EP01137P010114,8,2,0,29,False,1,NA,True
EP00237P014192,20,6,0,30,False,1,NA,True
EP00448P017368,64,0,0,14,False,1,NA,False
EP00658P076038,5,1,1,15,False,1,NA,True
EP01111P003972,67,0,0,30,True,1,NA,False
EP00828P015209,7,0,0,12,False,1,NA,False
EP00762P006871,36,0,0,28,True,1,NA,False
EP00029P001524,14,0,0,11,True,1,NA,False
EP00880P016251,23,4,0,15,False,1,NA,True
EP00797P020568,31,0,0,30,False,1,NA,False
EP01138P009650,3,0,0,10,True,1,NA,False
EP00128P017941,6,0,0,17,True,1,NA,False
EP01034P016916,5,0,0,15,False,1,NA,False
EP00831P033204,10,0,0,23,True,1,NA,False
EP00613P004503,11,0,0,30,False,1,NA,False
EP01041P035414,5,0,0,11,True,1,NA,False
EP00976P108304,7,0,0,16,False,1,NA,False
EP00222P007413,14,0,0,30,True,1,NA,False
EP00042P023688,3,0,0,30,True,1,NA,False
EP00321P016069,4,21,19,15,False,1,NA,True
EP00297P007112,2,21,0,25,False,1,NA,True
EP00931P013021,12,0,0,15,True,1,NA,False
EP00652P007974,9,58,3,19,False,1,NA,True
EP00889P007533,16,53,0,30,False,1,NA,True
EP00416P024952,5,0,0,30,False,1,NA,False
EP01118P000299,2,15,0,22,False,1,NA,True
EP00096P003181,1,11,0,17,True,1,NA,True
EP01059P007939,13,5,0,10,False,1,NA,True
EP01063P022649,6,38,3,30,False,1,NA,True
EP00250P007935,16,0,0,10,False,1,NA,False
EP01013P022778,13,0,0,13,True,1,NA,False
EP00795P016703,63,0,0,25,False,1,NA,False
EP00087P003062,22,2,5,25,False,1,NA,True
EP00300P007123,3,65,2,17,False,1,NA,True
EP00483P012463,13,0,0,17,True,1,NA,False
EP00045P017004,18,5,0,29,False,1,NA,True
EP00029P011980,19,0,0,18,True,1,NA,False
EP01059P020056,10,19,0,15,False,1,NA,True
EP00215P004355,17,0,0,14,False,1,NA,False
EP00405P041525,3,0,0,8,True,1,NA,False
EP00741P017847,49,0,0,29,True,1,NA,False
EP00093P008834,7,0,0,13,False,1,NA,False
EP01120P003132,12,0,0,12,True,1,NA,False
EP00731P010752,17,53,0,30,False,1,NA,True
EP00104P038872,1,3,0,25,True,1,NA,True
EP01155P024552,3,7,0,30,False,1,NA,True
EP00930P085070,9,14,0,29,False,1,NA,True
EP00611P021241,7,60,3,17,False,1,NA,True
EP00443P043789,8,31,0,8,False,1,NA,True
EP01120P013057,7,1,0,13,True,1,NA,True
EP00504P005101,8,51,10,30,False,1,NA,True
EP00349P006774,9,0,0,12,False,1,NA,False
EP00283P003612,3,0,0,12,False,1,NA,False
EP00639P023629,4,64,2,30,False,1,NA,True
EP00429P135485,35,0,0,4,False,1,NA,False
EP00518P022245,11,0,0,29,False,1,NA,False
EP00287P006698,13,57,0,17,False,1,NA,True
EP01036P051465,50,3,0,22,False,1,NA,True
EP01018P017672,31,0,0,22,False,1,NA,False
EP01137P027493,8,10,5,23,False,1,NA,True
EP00922P058565,6,0,0,13,True,1,NA,False
EP00833P002786,6,1,0,12,False,1,NA,True
EP00389P011539,47,0,0,26,False,1,NA,False
EP01133P027936,22,0,0,16,False,1,NA,False
EP00792P010370,5,0,0,18,True,1,NA,False
EP00227P005614,6,3,0,22,False,1,NA,True
EP00868P002782,68,0,0,13,False,1,NA,False
EP00747P048671,25,0,0,13,False,1,NA,False
EP00736P009003,1,7,0,30,True,1,NA,True
EP00443P024565,14,38,0,23,False,1,NA,True
EP00747P193320,5,0,0,13,False,1,NA,False
EP01038P019712,7,4,1,24,False,1,NA,True
EP01051P031129,44,0,0,19,False,1,NA,False
EP01116P001255,6,64,0,14,False,1,NA,True
EP00277P007688,2,0,2,30,False,1,NA,False
EP00132P006781,63,0,0,30,True,1,NA,False
EP00866P000422,22,0,0,25,False,1,NA,False
EP00746P016193,4,30,0,30,False,1,NA,True
EP00440P059892,4,66,0,30,True,1,NA,True
EP00896P007319,8,0,0,14,False,1,NA,False
EP00492P000347,9,0,0,30,False,1,NA,False
CBJ29577.1,6,2,0,29,True,1,NA,True
EP00639P005478,24,0,0,15,True,1,NA,False
EP00074P006000,8,0,0,11,True,1,NA,False
EP01112P014957,23,0,0,12,True,1,NA,False
EP01127P014822,21,0,0,20,True,1,NA,False
EP01026P053430,32,0,0,15,False,1,NA,False
EP00434P022399,2,1,26,16,False,1,NA,True
EP01017P014692,4,2,0,20,False,1,NA,True
EP00854P006741,35,0,0,29,False,1,NA,False
EP00457P017036,6,0,0,30,False,1,NA,False
EP00287P001378,7,0,0,17,False,1,NA,False
EP00072P026545,8,0,0,15,True,1,NA,False
EP00854P024751,10,8,0,14,False,1,NA,True
NP_001017719.1,19,0,0,30,True,1,NA,False
EP00548P017343,29,0,0,19,False,1,NA,False
EP00745P039352,18,0,1,22,False,1,NA,False
EP00923P027970,26,0,0,17,True,1,NA,False
EP00818P007334,8,0,0,26,False,1,NA,False
EP00848P000179,11,0,0,26,False,1,NA,False
EP00425P005819,7,56,7,30,False,1,NA,True
EP00245P004776,7,6,0,23,False,1,NA,True
EP00077P002941,42,0,0,3,False,1,NA,False
EP01092P005719,6,0,0,13,False,1,NA,False
EP01008P001133,18,0,0,26,False,1,NA,False
EP00922P013608,8,19,0,16,False,1,NA,True
EP01114P006575,7,0,0,14,True,1,NA,False
EP00929P032059,7,0,14,24,False,1,NA,False
XP_020045537.1,1,5,0,30,True,1,NA,True
EP00002P030758,15,2,0,24,False,1,NA,True
EP00212P007785,4,62,4,13,False,1,NA,True
EP00928P023018,40,0,0,6,True,1,NA,False
EP00480P010485,22,0,0,15,False,1,NA,False
EP00287P018841,6,0,0,19,False,1,NA,False
EP01113P046615,1,7,0,30,True,1,NA,True
EP00345P010234,3,0,0,17,True,1,NA,False
XP_031472694.1,6,0,0,12,True,1,NA,False
EP00611P027594,7,0,0,30,False,1,NA,False
EP00429P060852,43,0,0,28,True,1,NA,False
EP01032P038900,22,0,0,29,True,1,NA,False
EP01125P014936,8,0,0,15,True,1,NA,False
EP00752P000338,21,29,0,29,False,1,NA,True
EP00931P000044,6,58,0,26,False,1,NA,True
EP00304P008674,11,0,0,29,False,1,NA,False
EP00658P034478,21,0,0,18,False,1,NA,False
EP00449P039985,10,0,0,27,False,1,NA,False
EP01135P003163,4,61,5,30,False,1,NA,True
EP00403P002131,7,44,19,30,False,1,NA,True
EP00419P049204,5,0,0,24,True,1,NA,False
EP00300P039167,7,0,0,30,False,1,NA,False
EP01018P001305,16,0,0,18,True,1,NA,False
EP01037P010687,1,14,1,28,True,1,NA,True
EP00706P020930,5,0,12,30,False,1,NA,False
EP00592P023534,3,0,0,19,True,1,NA,False
EP01006P005017,4,0,27,30,False,1,NA,False
XP_003389228.1,4,0,0,20,True,1,NA,False
EP00325P028156,2,15,0,12,False,1,NA,True
EP00344P009631,13,55,2,30,False,1,NA,True
EP01084P300145,23,0,0,21,False,1,NA,False
EP00500P004787,3,0,30,30,False,1,NA,False
EP00115P004870,10,1,0,10,False,1,NA,True
EP00444P018926,3,0,0,30,True,1,NA,False
EP00192P005250,9,60,1,29,False,1,NA,True
EP01086P013511,6,0,0,14,True,1,NA,False
XP_001620716.2,14,1,0,30,True,1,NA,True
EP00808P011286,56,0,0,30,True,1,NA,False
OAD04672.1,7,1,0,30,False,1,NA,True
EP00443P087929,9,0,0,20,True,1,NA,False
EP00116P006039,8,56,6,30,False,1,NA,True
EP00411P060203,30,0,0,23,True,1,NA,False
EP00480P004215,6,16,0,30,False,1,NA,True
EP00434P005484,5,63,2,21,False,1,NA,True
EP00931P000054,3,0,0,16,True,1,NA,False
EP01031P023050,20,37,0,28,True,1,NA,True
EP00104P025075,40,7,0,30,False,1,NA,True
EP00830P004142,9,5,0,30,False,1,NA,True
EP00467P016368,36,0,0,30,True,1,NA,False
EP01031P017628,3,0,0,17,True,1,NA,False
EP00037P022519,60,0,0,11,False,1,NA,False
EP01102P005009,7,1,0,11,False,1,NA,True
EP01095P011131,10,10,0,30,False,1,NA,True
EP00798P011012,12,0,0,12,True,1,NA,False
XP_015624694.1,5,46,2,30,False,1,NA,True
EP01065P032296,13,0,0,21,False,1,NA,False
EP01090P008168,3,0,0,22,True,1,NA,False
EP00002P040386,10,0,0,30,True,1,NA,False
EP00578P015383,50,0,0,17,False,1,NA,False
EP01023P030215,49,0,0,29,True,1,NA,False
EP00646P010191,5,53,12,18,False,1,NA,True
XP_024540721.1,55,0,0,15,False,1,NA,False
EP00026P004006,1,66,3,17,True,1,NA,True
EP00747P044756,6,0,0,23,True,1,NA,False
EP00628P037324,43,0,0,18,True,1,NA,False
EP00668P042642,6,0,0,22,False,1,NA,False
EP00831P074097,14,52,3,29,False,1,NA,True
EP00351P003049,16,0,0,30,False,1,NA,False
EP01110P008978,41,0,0,22,False,1,NA,False
EP01041P012231,41,0,0,22,False,1,NA,False
EP00855P000991,6,21,0,28,False,1,NA,True
EP00033P007892,22,0,0,10,True,1,NA,False
EP00746P037025,26,0,0,22,False,1,NA,False
EP00764P001327,5,1,0,11,False,1,NA,True
EP01112P020996,5,0,0,13,True,1,NA,False
EP00359P011384,13,0,0,29,True,1,NA,False
EP01024P060453,6,2,19,30,False,1,NA,True
EP00541P007065,2,1,0,30,False,1,NA,True
EP01034P028217,14,10,0,30,False,1,NA,True
EP00899P027991,37,0,0,30,True,1,NA,False
EP00667P009548,3,42,1,30,True,1,NA,True
EP00285P019822,2,15,0,28,False,1,NA,True
EP01031P026004,19,0,0,12,False,1,NA,False
EP00197P001821,14,10,0,20,True,1,NA,True
EP00813P006403,14,41,0,20,False,1,NA,True
EP00820P019364,24,3,0,16,False,1,NA,True
EP00456P035540,14,0,0,28,False,1,NA,False
EP00899P026508,6,1,0,30,False,1,NA,True
EP00854P005288,13,0,0,21,True,1,NA,False
EP00315P016170,4,62,4,12,False,1,NA,True
EP00117P022260,9,7,1,10,False,1,NA,True
XP_026384752.1,7,55,0,22,False,1,NA,True
EP01137P013806,8,57,5,12,False,1,NA,True
EP00085P019122,24,0,0,28,True,1,NA,False
EP00933P008270,14,0,0,30,True,1,NA,False
EP00004P017424,5,0,0,30,False,1,NA,False
EP00913P029942,6,58,6,23,False,1,NA,True
EP00419P090077,44,0,0,17,False,1,NA,False
EP00740P014263,5,3,0,23,False,1,NA,True
EP01118P006274,15,0,0,11,False,1,NA,False
EP00746P166986,7,0,0,29,False,1,NA,False
EP00334P021929,3,0,0,30,True,1,NA,False
EP00893P005641,5,2,0,20,False,1,NA,True
EP01047P056952,16,0,0,21,True,1,NA,False
EP01027P013882,7,1,0,14,True,1,NA,True
EP00154P010341,4,1,0,30,False,1,NA,True
EP01035P047043,8,0,0,30,False,1,NA,False
EP00528P004345,20,0,0,22,True,1,NA,False
EP00401P063870,3,63,4,27,False,1,NA,True
EP00895P003961,11,19,0,30,False,1,NA,True
EP00005P001418,18,0,0,12,False,1,NA,False
EP00920P035722,10,8,0,30,False,1,NA,True
EP00644P002431,31,3,0,10,False,1,NA,True
EP00918P058038,4,0,1,22,False,1,NA,False
EP01118P013621,7,0,0,30,True,1,NA,False
EP00636P011473,8,36,0,10,False,1,NA,True
EP00170P003565,5,0,0,28,True,1,NA,False
EP01155P031673,7,1,0,12,True,1,NA,True
EP00741P016844,36,0,0,30,True,1,NA,False
EP00276P010304,15,55,0,17,False,1,NA,True
EP01030P000818,10,6,0,12,False,1,NA,True
EP00669P008844,12,48,10,30,False,1,NA,True
EP00679P009148,24,0,0,14,False,1,NA,False
EP00003P010794,66,0,0,11,False,1,NA,False
EP00957P101475,12,0,0,11,True,1,NA,False
EP00075P023771,36,0,0,12,True,1,NA,False
EP00659P000625,1,68,0,18,True,1,NA,True
EP00638P006871,5,0,0,11,True,1,NA,False
EP00434P033521,5,0,0,15,False,1,NA,False
EP00597P003832,36,0,0,14,False,1,NA,False
EP00537P005328,20,0,0,10,True,1,NA,False
EP00110P002701,4,63,3,30,False,1,NA,True
EP00003P011831,18,0,0,20,True,1,NA,False
EP01084P155738,43,0,0,10,False,1,NA,False
EP01025P011097,16,7,0,15,False,1,NA,True
EP01012P010123,16,0,0,30,False,1,NA,False
EP00103P029255,14,0,1,30,False,1,NA,False
EP00730P004575,30,0,0,15,True,1,NA,False
EP00182P002783,1,13,0,22,True,1,NA,True
EP00499P011511,3,0,0,30,True,1,NA,False
EP00003P029936,9,24,0,17,False,1,NA,True
EP01084P129996,17,1,0,11,False,1,NA,True
EP01088P009895,10,29,0,18,False,1,NA,True
EP00439P055071,7,4,0,19,False,1,NA,True
EP00614P034330,11,52,0,11,False,1,NA,True
EP00753P001798,5,17,2,16,False,1,NA,True
CEO97495.1,3,0,0,30,True,1,NA,False
EP00897P006420,5,24,0,30,False,1,NA,True
EP01079P010127,27,0,0,14,True,1,NA,False
EP00874P015950,3,0,0,11,True,1,NA,False
EP01084P228713,23,0,0,12,False,1,NA,False
EP00747P093472,22,0,0,14,True,1,NA,False
EP00494P006289,48,0,0,30,False,1,NA,False
PXF49534.1,4,9,0,30,False,1,NA,True
EP00801P006257,31,2,0,30,False,1,NA,True
EP01093P001623,9,38,0,13,False,1,NA,True
EP00695P002420,46,0,0,21,False,1,NA,False
EP00608P006463,12,19,0,18,False,1,NA,True
XP_005779814.1,7,0,0,23,True,1,NA,False
EP01083P084305,7,0,0,18,False,1,NA,False
EP00569P011279,3,0,0,30,True,1,NA,False
XP_002780404.1,17,0,0,18,False,1,NA,False
EP00292P013084,9,0,0,17,True,1,NA,False
EP00737P005272,7,62,1,16,False,1,NA,True
EP00288P007119,7,5,0,30,False,1,NA,True
EP00004P005682,4,12,0,15,False,1,NA,True
EP00613P000438,15,52,3,30,False,1,NA,True
EP00002P006494,16,2,0,17,False,1,NA,True
EP00729P010010,59,4,0,30,False,1,NA,True
EP00160P003374,10,0,0,14,False,1,NA,False
EP00211P001733,8,1,0,12,False,1,NA,True
EP00761P008471,31,0,0,30,True,1,NA,False
EP00092P080755,11,20,0,16,False,1,NA,True
EP01084P223424,55,3,0,30,False,1,NA,True
EP01031P050546,36,0,0,11,False,1,NA,False
EP01111P016133,23,0,0,22,False,1,NA,False
EP00246P004866,5,0,0,25,True,1,NA,False
EP01060P007549,33,0,0,16,False,1,NA,False
EP00982P017029,3,0,0,30,True,1,NA,False
EP00191P012986,6,0,0,16,True,1,NA,False
EP01037P013326,14,7,0,30,False,1,NA,True
EP00878P008348,5,0,0,30,True,1,NA,False
EP00970P003658,26,3,0,15,False,1,NA,True
EP00271P005685,27,0,0,26,True,1,NA,False
EP00397P050253,28,0,0,29,False,1,NA,False
EP00475P042570,49,0,0,20,True,1,NA,False
EP00750P025667,44,0,0,23,False,1,NA,False
EP00052P018914,9,61,0,30,False,1,NA,True
EP00042P009984,3,0,0,20,True,1,NA,False
EP00966P118021,10,12,0,30,False,1,NA,True
EP00956P001059,12,0,0,16,True,1,NA,False
EP00876P003320,3,0,0,21,True,1,NA,False
EP00746P093014,10,0,0,13,True,1,NA,False
EP00656P042615,37,0,0,30,False,1,NA,False
EP01006P051474,4,0,0,15,False,1,NA,False
EP00472P008751,9,0,0,27,False,1,NA,False
EP00933P084423,27,0,0,30,True,1,NA,False
EP00825P002782,16,43,0,24,False,1,NA,True
EP01107P013805,3,0,0,22,True,1,NA,False
EP00854P001090,2,11,0,13,False,1,NA,True
EP00054P004199,17,0,0,19,False,1,NA,False
EP00073P003926,6,1,0,30,False,1,NA,True
EP00192P021527,7,0,0,22,True,1,NA,False
EP00913P006979,34,14,0,14,False,1,NA,True
EP01137P032677,35,0,0,30,True,1,NA,False
EP01114P016875,13,0,0,17,True,1,NA,False
EP00111P022287,43,0,0,30,True,1,NA,False
EP00704P015713,11,0,0,22,False,1,NA,False
EP01035P031271,10,18,0,17,False,1,NA,True
EP00592P007801,33,2,0,30,False,1,NA,True
EP00404P031391,7,0,0,25,True,1,NA,False
EP00916P008489,5,0,0,11,False,1,NA,False
EP00449P021634,44,0,0,20,False,1,NA,False
EP00264P026737,6,0,0,17,True,1,NA,False
EP01042P012150,16,0,0,30,False,1,NA,False
EP01063P017981,66,0,0,15,False,1,NA,False
EP00612P005815,2,67,1,17,False,1,NA,True
EP00206P008148,60,0,0,30,False,1,NA,False
EP00264P095003,16,0,0,30,False,1,NA,False
EP01036P015136,5,0,0,30,True,1,NA,False
EP00611P006745,33,0,0,30,True,1,NA,False
EP00252P005946,24,0,0,30,False,1,NA,False
EP00401P042223,2,58,0,30,False,1,NA,True
EP00063P065035,5,0,0,10,False,1,NA,False
EP00966P241794,3,0,8,29,False,1,NA,False
EP00797P032945,3,0,0,24,True,1,NA,False
EP00466P003694,5,0,0,14,False,1,NA,False
EP00051P011690,3,0,0,21,True,1,NA,False
EP00300P021344,32,0,0,15,True,1,NA,False
EP00055P010204,19,0,0,19,False,1,NA,False
EP00913P022487,13,0,0,29,True,1,NA,False
EP00168P008812,7,0,10,30,False,1,NA,False
EP01083P241065,13,2,0,19,True,1,NA,True
EP01036P056859,5,0,0,29,False,1,NA,False
EP00168P019071,13,0,0,17,True,1,NA,False
EP00762P007258,21,0,0,10,True,1,NA,False
EP01036P017332,16,0,0,13,False,1,NA,False
EP00901P004370,13,0,0,29,True,1,NA,False
EP00040P026672,3,42,1,25,True,1,NA,True
EP00568P018206,31,0,0,22,True,1,NA,False
EP01031P048618,6,0,0,19,True,1,NA,False
EP01119P008777,27,0,0,10,True,1,NA,False
EP00437P058550,3,5,0,30,True,1,NA,True
EP01138P011896,3,0,0,18,True,1,NA,False
EP01042P012925,4,65,0,29,False,1,NA,True
EP00469P008495,10,1,0,24,True,1,NA,True
EP00042P046238,7,0,0,26,False,1,NA,False
EP01035P055259,7,0,0,14,False,1,NA,False
EP00682P004377,3,0,0,18,True,1,NA,False
EP00013P003880,52,0,0,28,True,1,NA,False
EP00639P031061,3,0,0,30,True,1,NA,False
EP00035P006131,3,0,0,17,True,1,NA,False
EP00905P008843,9,0,0,30,True,1,NA,False
EP00982P012661,1,7,0,30,True,1,NA,True
EP00218P000608,5,0,0,12,True,1,NA,False
EP01039P016631,12,0,0,27,False,1,NA,False
EP01035P057895,6,0,0,18,True,1,NA,False
EP00649P001218,1,3,0,30,True,1,NA,True
EP00310P010877,7,0,0,30,False,1,NA,False
OLP78241.1,9,0,0,18,True,1,NA,False
EP00668P045997,4,0,0,30,True,1,NA,False
EP01033P008869,44,0,0,25,False,1,NA,False
EP00906P009557,13,0,0,18,True,1,NA,False
EP00746P011688,5,0,0,28,True,1,NA,False
EP00480P014964,14,0,0,12,True,1,NA,False
EP00455P038769,8,0,0,10,True,1,NA,False
XP_002116304.1,7,28,0,30,False,1,NA,True
EP00621P006887,11,0,0,22,True,1,NA,False
EP00241P023252,19,3,0,12,False,1,NA,True
EP01036P021280,5,0,0,12,True,1,NA,False
EP00013P000144,24,0,0,30,False,1,NA,False
EP00418P073379,6,11,0,23,False,1,NA,True
EP00484P008948,7,0,0,18,False,1,NA,False
EP00441P035986,17,2,0,18,False,1,NA,True
EPZ33623.1,26,0,0,29,False,1,NA,False
EP01036P033759,7,2,0,21,True,1,NA,True
EP01043P011647,3,0,0,25,True,1,NA,False
EP00443P013971,43,3,0,17,True,1,NA,True
EP00738P003517,19,15,0,26,False,1,NA,True
EP00333P020684,36,0,0,10,True,1,NA,False
EP00747P011402,3,0,0,30,True,1,NA,False
EP00764P012985,4,25,0,30,False,1,NA,True
EP01136P018463,1,6,0,18,True,1,NA,True
EP00966P284394,24,0,0,25,True,1,NA,False
EP00083P019364,5,0,0,10,True,1,NA,False
EP00759P021913,31,0,0,11,True,1,NA,False
EP01155P009437,1,12,1,30,True,1,NA,True
EP00327P050889,4,43,0,30,False,1,NA,True
EP00286P002089,10,0,0,27,False,1,NA,False
EP00757P009288,3,13,0,24,False,1,NA,True
EP01133P011396,7,44,0,30,False,1,NA,True
EP01100P003073,54,0,0,10,False,1,NA,False
EP00593P011675,24,0,0,27,True,1,NA,False
EP00411P087454,8,2,0,10,False,1,NA,True
EP00764P012678,20,0,0,17,False,1,NA,False
EP00746P061075,6,42,0,8,True,1,NA,True
EP00302P051645,5,0,0,21,False,1,NA,False
EP00581P008402,16,38,16,23,False,1,NA,True
EP00083P008887,13,0,0,18,True,1,NA,False
EP00525P012714,5,0,0,27,False,1,NA,False
EP00544P000637,1,12,0,30,True,1,NA,True
EP00160P002175,14,0,0,15,False,1,NA,False
EP00005P000993,3,9,0,30,False,1,NA,True
EP00421P001545,1,36,0,16,True,1,NA,True
EP00392P007764,18,2,0,12,False,1,NA,True
EP00245P006799,1,11,0,30,True,1,NA,True
EP00004P025726,66,0,0,22,False,1,NA,False
EP00761P005811,8,17,0,30,False,1,NA,True
EP01132P014354,7,60,0,30,False,1,NA,True
EP00189P009212,5,53,0,11,False,1,NA,True
EP00613P078294,7,63,0,18,False,1,NA,True
EP00596P010349,13,0,0,17,True,1,NA,False
EP00403P014892,3,65,2,19,False,1,NA,True
EP00880P015208,2,13,0,27,False,1,NA,True
EP01155P057691,5,0,0,30,True,1,NA,False
EP01042P000787,7,0,0,30,True,1,NA,False
EP00058P022734,20,0,0,21,True,1,NA,False
EP00300P008700,45,0,0,28,True,1,NA,False
EP00878P046846,3,0,0,18,True,1,NA,False
EP00103P028099,4,25,0,30,False,1,NA,True
EP01042P021380,7,0,0,23,True,1,NA,False
EP00799P009972,1,9,0,10,True,1,NA,True
EP00858P006004,19,21,1,20,False,1,NA,True
EP00826P050180,41,0,0,30,True,1,NA,False
EP00882P016459,7,55,7,30,False,1,NA,True
EP00264P175933,48,0,0,26,True,1,NA,False
EP00037P017122,9,0,0,21,True,1,NA,False
EP01086P002434,32,0,0,27,False,1,NA,False
EP00594P000896,7,1,0,10,False,1,NA,True
EP00131P003876,49,0,0,11,False,1,NA,False
XP_012492161.1,6,0,0,30,True,1,NA,False
EP00802P001073,4,64,2,20,False,1,NA,True
EP00020P012435,17,25,0,13,False,1,NA,True
EP00462P020560,24,0,0,30,True,1,NA,False
EP00888P001344,25,0,0,10,True,1,NA,False
EP00439P003870,46,0,0,13,False,1,NA,False
XP_009048761.1,2,11,0,21,False,1,NA,True
EP01105P008595,6,10,0,12,False,1,NA,True
EP00246P012382,9,0,0,28,True,1,NA,False
EP01032P030620,28,0,0,19,False,1,NA,False
EP00416P011345,9,0,0,9,False,1,NA,False
EP00443P052943,19,3,0,16,False,1,NA,True
EP00823P009507,5,0,0,29,True,1,NA,False
EP00834P007053,10,7,0,16,False,1,NA,True
EP01026P051077,19,0,0,30,True,1,NA,False
EP01117P002364,1,8,0,25,True,1,NA,True
EP00072P063269,11,0,0,30,True,1,NA,False
EP01045P010436,5,0,0,12,True,1,NA,False
EP01089P002679,3,0,0,13,True,1,NA,False
EP00446P087874,4,0,1,10,False,1,NA,False
EP01094P028587,44,0,0,30,True,1,NA,False
EP00758P010300,5,0,0,29,True,1,NA,False
EP01023P060998,1,3,0,11,True,1,NA,True
EP01051P010018,3,67,0,30,False,1,NA,True
EP00340P000828,7,0,0,30,True,1,NA,False
EP00824P026221,2,1,0,18,True,1,NA,True
EP00740P006307,11,0,0,30,True,1,NA,False
EP00928P068230,26,0,0,15,False,1,NA,False
EP00462P006797,5,0,0,11,True,1,NA,False
EP00480P022931,29,0,0,15,False,1,NA,False
EP00696P018496,3,0,0,26,True,1,NA,False
EP01088P017328,13,0,0,30,True,1,NA,False
EP01036P007214,5,0,0,8,False,1,NA,False
EP00104P016238,44,0,0,2,False,1,NA,False
EP00137P002017,29,0,0,21,False,1,NA,False
EP00281P031174,1,37,0,16,True,1,NA,True
EP00267P028659,28,0,0,30,True,1,NA,False
EP00348P006198,3,62,5,26,False,1,NA,True
EP00265P010343,7,0,0,22,True,1,NA,False
EP00882P033389,9,0,0,19,True,1,NA,False
EP01034P005917,7,0,0,16,False,1,NA,False
EP00070P033693,9,61,0,30,False,1,NA,True
EP00621P012615,57,0,0,22,False,1,NA,False
EP00753P016692,14,51,0,14,True,1,NA,True
EP01087P023764,5,0,0,24,False,1,NA,False
EP00419P088319,3,0,0,20,True,1,NA,False
EP01031P047366,18,2,0,17,False,1,NA,True
EP00932P021287,24,1,0,20,False,1,NA,True
EP00358P000170,3,0,0,19,True,1,NA,False
EP00727P002161,17,0,0,19,False,1,NA,False
EP00054P014110,66,0,0,9,False,1,NA,False
EP00744P020664,5,0,0,18,False,1,NA,False
EP00747P215995,5,0,0,26,False,1,NA,False
EP00554P008973,27,0,0,22,True,1,NA,False
EP00746P047433,15,9,0,12,False,1,NA,True
XP_005851672.1,45,0,0,30,False,1,NA,False
EP00740P021626,7,0,0,26,True,1,NA,False
EP00549P001576,5,0,0,29,False,1,NA,False
EP01037P000987,7,0,0,29,True,1,NA,False
EP00708P004897,11,7,1,21,False,1,NA,True
EP00849P005355,33,0,0,24,False,1,NA,False
EP00282P045804,6,2,0,13,True,1,NA,True
EP00878P018147,6,7,1,22,False,1,NA,True
EP00088P035521,6,1,1,19,False,1,NA,True
EP00264P144161,1,6,0,11,True,1,NA,True
EP00470P014292,7,63,0,26,False,1,NA,True
EP00643P005608,5,0,0,23,True,1,NA,False
XP_002291340.1,32,0,0,30,True,1,NA,False
EP00396P000481,13,0,0,30,True,1,NA,False
EP00903P003387,56,1,0,20,False,1,NA,True
EP00797P014464,6,0,3,30,False,1,NA,False
EP00158P005824,5,0,0,14,True,1,NA,False
EP00899P018150,8,0,18,30,False,1,NA,False
EP01031P050421,5,0,0,27,False,1,NA,False
EP01041P014706,6,0,0,13,True,1,NA,False
EP00750P006664,3,63,4,24,False,1,NA,True
EP00231P005275,3,0,0,30,True,1,NA,False
EP00408P038054,9,59,1,24,False,1,NA,True
EP00831P033562,3,0,0,23,True,1,NA,False
EP00560P005151,1,11,0,19,True,1,NA,True
EP00009P004246,7,0,0,10,True,1,NA,False
EP01080P004761,29,0,0,30,True,1,NA,False
EP00027P003469,54,0,0,22,True,1,NA,False
EP00083P002765,28,0,0,30,True,1,NA,False
EP00824P002982,5,0,0,21,True,1,NA,False
EP00490P005442,11,0,0,20,True,1,NA,False
EP01084P112305,16,0,0,13,False,1,NA,False
EP00455P001009,8,32,2,30,False,1,NA,True
EP00882P005082,6,7,1,18,False,1,NA,True
EP01049P012853,28,0,0,15,False,1,NA,False
EP00859P002797,21,49,0,29,False,1,NA,True
EP00920P020152,14,1,0,30,False,1,NA,True
EP00921P006315,9,22,0,17,False,1,NA,True
EP00013P017947,3,0,0,25,True,1,NA,False
EP00467P009509,54,0,0,10,False,1,NA,False
EP00882P025326,3,29,0,10,True,1,NA,True
EP01132P014119,17,17,0,18,False,1,NA,True
EP00019P012686,8,0,0,14,False,1,NA,False
EP00747P080156,13,0,0,30,True,1,NA,False
EP01062P020540,26,24,0,30,False,1,NA,True
EP00875P007368,32,20,0,14,False,1,NA,True
EP00658P013494,5,0,0,10,False,1,NA,False
EP00919P020576,10,56,4,18,False,1,NA,True
EP00963P002849,48,0,0,30,True,1,NA,False
XP_024356445.1,3,0,0,30,True,1,NA,False
EP00539P013522,14,1,1,21,False,1,NA,True
EP00327P042545,13,3,0,18,False,1,NA,True
EP00092P017532,52,5,0,17,False,1,NA,True
EP00645P004637,10,0,0,28,False,1,NA,False
EP01029P021924,8,0,0,22,False,1,NA,False
EP00129P018802,8,0,0,16,False,1,NA,False
EP01041P017642,34,14,0,15,False,1,NA,True
EP01035P009844,12,0,0,30,False,1,NA,False
EP00170P001634,3,0,0,30,True,1,NA,False
EP00747P190601,10,0,0,20,True,1,NA,False
EP00129P001224,45,0,0,30,True,1,NA,False
EP00012P014145,2,10,0,23,False,1,NA,True
EP00920P021918,8,0,0,21,False,1,NA,False
EP01029P003722,10,12,0,30,False,1,NA,True
EP00314P028310,5,0,0,28,True,1,NA,False
EP00266P021460,8,0,20,27,False,1,NA,False
EP00281P022074,42,0,0,30,True,1,NA,False
EP01125P004906,1,13,0,17,True,1,NA,True
EP00268P035767,9,0,0,30,False,1,NA,False
EP00405P011602,10,0,15,30,False,1,NA,False
EP01031P046251,7,60,3,15,False,1,NA,True
EP00058P014610,16,1,0,3,False,1,NA,True
EP01083P234511,3,0,0,22,True,1,NA,False
XP_007708346.1,8,18,0,30,False,1,NA,True
EP00035P032488,20,0,0,13,False,1,NA,False
EP01034P014071,14,0,0,29,True,1,NA,False
EP00129P000920,6,62,2,30,False,1,NA,True
EP00046P004903,5,0,0,11,True,1,NA,False
EP01022P000963,46,0,0,17,False,1,NA,False
EP00080P021003,2,7,0,30,False,1,NA,True
EP00617P009553,3,0,0,30,True,1,NA,False
EP00936P000197,28,0,0,15,True,1,NA,False
EP00303P007989,34,0,0,30,True,1,NA,False
EP00110P001845,10,0,0,13,False,1,NA,False
EP00729P002189,9,33,0,24,False,1,NA,True
EP00919P040833,17,4,0,10,False,1,NA,True
EP00747P077724,18,0,0,27,False,1,NA,False
EP01133P024160,19,0,0,25,True,1,NA,False
EP00419P087999,23,0,0,11,False,1,NA,False
XP_009043106.1,4,1,0,30,False,1,NA,True
EP00170P006164,24,0,0,18,False,1,NA,False
XP_024304092.1,2,6,19,25,False,1,NA,True
EP00639P033463,5,0,0,22,True,1,NA,False
EP00746P029411,9,61,0,30,False,1,NA,True
XP_018190957.1,16,0,0,12,True,1,NA,False
EP00480P016311,20,0,0,30,True,1,NA,False
EP00036P013826,43,0,0,24,True,1,NA,False
EP01136P026046,10,0,0,29,False,1,NA,False
EP01118P002435,5,0,0,30,True,1,NA,False
EP01116P025240,9,0,0,30,True,1,NA,False
EP01084P214144,9,38,0,30,False,1,NA,True
EP00163P023491,13,0,0,15,True,1,NA,False
XP_020048277.1,17,0,0,19,True,1,NA,False
EP01037P005644,28,13,0,15,False,1,NA,True
EP01053P005225,13,0,0,27,True,1,NA,False
EP00536P002810,23,0,0,24,True,1,NA,False
EP00928P093602,10,3,0,30,False,1,NA,True
EP00268P019111,2,68,0,10,False,1,NA,True
EP00619P013231,41,0,0,19,True,1,NA,False
EP00249P027123,15,52,3,29,False,1,NA,True
EP01061P017386,6,0,0,11,True,1,NA,False
EP00919P021382,6,0,6,10,False,1,NA,False
EP00924P008008,6,1,27,30,False,1,NA,True
EP00511P001399,10,1,0,30,False,1,NA,True
EP01029P020986,6,0,0,29,False,1,NA,False
EP00562P029960,5,65,0,30,False,1,NA,True
EP00751P034532,17,0,0,28,True,1,NA,False
EP00027P019164,5,3,0,13,False,1,NA,True
EP01048P004967,32,0,0,24,False,1,NA,False
EP00831P079680,14,0,0,30,False,1,NA,False
EP00162P011379,3,61,6,23,False,1,NA,True
EP01132P010060,10,40,1,30,False,1,NA,True
EP00298P030108,3,0,0,30,True,1,NA,False
EP00451P001590,36,0,0,17,True,1,NA,False
EP00418P072228,6,0,0,24,True,1,NA,False
EP00654P006999,5,0,0,13,True,1,NA,False
EP00013P019778,18,0,0,22,True,1,NA,False
EP01130P018709,6,44,19,29,False,1,NA,True
EP00043P005379,9,54,7,11,False,1,NA,True
EP00684P000017,32,0,0,30,False,1,NA,False
EP00775P004347,4,62,4,11,False,1,NA,True
EP00281P018674,1,37,0,30,True,1,NA,True
EP00001P132778,29,0,0,26,False,1,NA,False
EP00764P007301,5,0,0,18,False,1,NA,False
EP01034P046951,11,19,0,30,False,1,NA,True
EP00179P006475,7,1,0,25,False,1,NA,True
EP01029P003302,1,7,0,30,True,1,NA,True
EP00161P015226,3,0,0,27,False,1,NA,False
EP00326P024131,36,0,0,24,True,1,NA,False
EP00232P024151,31,0,0,10,False,1,NA,False
EP01111P009299,3,0,0,30,True,1,NA,False
EP00217P003832,10,0,1,30,False,1,NA,False
EP01046P038313,5,0,0,13,True,1,NA,False
EP00152P012333,7,0,0,30,True,1,NA,False
EP00044P007641,11,2,0,19,False,1,NA,True
EP00541P015251,10,0,0,13,True,1,NA,False
EP00154P003793,3,0,0,13,True,1,NA,False
EP01043P005381,25,0,0,30,False,1,NA,False
EP00190P002604,6,64,0,13,False,1,NA,True
EP00112P008020,8,0,0,10,True,1,NA,False
EP00949P005407,10,60,0,29,False,1,NA,True
EP00500P005324,6,1,0,25,False,1,NA,True
EP00671P001427,3,0,0,30,True,1,NA,False
EP00729P023702,7,0,0,25,False,1,NA,False
EP01023P039996,3,0,0,30,True,1,NA,False
EP00578P012244,16,0,0,19,True,1,NA,False
EP00586P008382,5,65,0,26,False,1,NA,True
EP00931P111982,11,0,0,15,True,1,NA,False
EP00448P015908,28,0,0,30,True,1,NA,False
EP00456P046494,4,11,0,30,False,1,NA,True
EP00088P033644,40,0,0,15,True,1,NA,False
EP00761P014454,6,64,0,30,False,1,NA,True
EP00031P002472,8,0,0,24,True,1,NA,False
EP00559P004459,1,5,0,30,True,1,NA,True
EP00264P050734,6,44,0,13,False,1,NA,True
EP00926P023024,4,1,0,25,False,1,NA,True
EP00927P060909,3,0,0,19,True,1,NA,False
EP00419P074796,6,0,0,30,True,1,NA,False
EP00747P076046,17,1,0,12,False,1,NA,True
EP00937P001919,36,0,0,15,True,1,NA,False
EP00003P000284,41,10,0,12,False,1,NA,True
EP01017P036438,5,0,0,12,True,1,NA,False
EP00918P031566,5,0,0,30,True,1,NA,False
EP00920P001519,3,0,0,15,True,1,NA,False
EP00163P002632,11,0,0,19,True,1,NA,False
EP01114P005977,10,4,2,30,False,1,NA,True
EP01155P051996,18,0,0,14,True,1,NA,False
EP00679P011655,6,0,30,30,False,1,NA,False
EP00043P005576,3,0,1,10,False,1,NA,False
EP00614P005164,3,0,0,14,True,1,NA,False
EP01037P014926,9,38,0,30,False,1,NA,True
EP00612P002799,3,9,0,30,False,1,NA,True
EP01127P021286,2,54,0,30,False,1,NA,True
EP00242P009028,18,7,1,18,False,1,NA,True
XP_017207671.1,3,0,0,10,True,1,NA,False
EP00042P026054,11,0,0,26,True,1,NA,False
EP00945P004707,5,0,0,20,True,1,NA,False
EP00258P036329,5,24,0,30,False,1,NA,True
EP00930P030155,61,0,0,22,True,1,NA,False
EP00277P007617,43,0,0,17,False,1,NA,False
EP00672P026888,14,0,0,10,False,1,NA,False
EP00848P006689,33,4,0,18,True,1,NA,True
EP00359P010609,3,39,0,27,False,1,NA,True
EP00282P014981,6,0,0,30,True,1,NA,False
EP00775P009006,11,3,0,25,True,1,NA,True
EP00456P078079,51,0,0,28,False,1,NA,False
EP00505P003694,29,0,0,12,False,1,NA,False
EP00271P012344,4,1,0,29,False,1,NA,True
EP01088P003799,7,0,0,30,True,1,NA,False
EP00930P010043,30,0,0,20,False,1,NA,False
EP00215P002933,6,0,0,30,False,1,NA,False
EP00389P014916,57,1,0,10,False,1,NA,True
EP00211P016167,10,51,7,30,False,1,NA,True
EP01100P004437,3,0,0,19,True,1,NA,False
EP00240P014168,6,0,0,10,True,1,NA,False
EP00759P052126,3,0,0,30,True,1,NA,False
EP00771P000018,4,0,1,30,True,1,NA,False
EP00861P003422,12,0,0,23,True,1,NA,False
EP01083P152833,20,0,0,19,True,1,NA,False
EP00878P020331,17,9,0,11,False,1,NA,True
EP00110P010004,3,0,0,18,True,1,NA,False
EP01103P004751,13,3,0,13,False,1,NA,True
EP00074P091069,61,0,0,15,False,1,NA,False
EP00640P000282,5,1,0,11,False,1,NA,True
EP00004P022202,2,12,0,24,False,1,NA,True
EP01083P318818,7,4,0,16,False,1,NA,True
EP00228P005066,17,50,3,23,False,1,NA,True
EP01063P013494,5,0,0,16,True,1,NA,False
EP00290P019039,32,0,0,15,False,1,NA,False
EP00009P011999,10,1,0,20,False,1,NA,True
EP00633P003354,3,0,0,30,False,1,NA,False
EP00232P025919,43,0,0,22,True,1,NA,False
EP00242P001366,61,0,0,29,True,1,NA,False
EP00753P001557,15,0,26,14,False,1,NA,False
EP00001P024702,12,0,0,27,True,1,NA,False
EP01034P032049,2,14,0,30,False,1,NA,True
EP01012P003901,12,0,0,30,False,1,NA,False
EP00798P015843,5,0,0,15,True,1,NA,False
EP00324P005566,67,0,0,30,True,1,NA,False
EP00932P005534,12,0,0,23,True,1,NA,False
EP00961P189955,6,0,0,25,False,1,NA,False
EP01012P062483,12,0,0,30,True,1,NA,False
EP01006P043982,7,0,20,30,False,1,NA,False
EP01047P052764,2,14,0,17,False,1,NA,True
EP00800P021040,5,0,0,30,True,1,NA,False
EP00282P032807,3,45,0,30,False,1,NA,True
EP01029P024247,18,0,0,27,False,1,NA,False
EP01029P020554,16,0,0,12,False,1,NA,False
EP00180P000477,5,0,0,12,False,1,NA,False
EP00654P015651,3,0,0,30,True,1,NA,False
EP00775P005622,8,0,18,16,False,1,NA,False
EP00753P003376,1,12,0,24,True,1,NA,True
EP00522P006862,10,0,0,16,True,1,NA,False
EP01114P024899,5,0,0,13,False,1,NA,False
EP00306P002157,1,11,0,30,True,1,NA,True
EP00467P013284,8,0,0,15,False,1,NA,False
EP00635P014001,14,18,0,30,False,1,NA,True
EP00446P032171,6,61,3,24,False,1,NA,True
EP00012P001301,7,44,19,30,False,1,NA,True
EP00816P002915,46,0,0,10,False,1,NA,False
EP01124P001720,18,0,0,10,True,1,NA,False
EP01119P012962,33,0,0,11,False,1,NA,False
EP01018P035006,2,13,0,30,False,1,NA,True
EP00939P001337,6,61,3,21,False,1,NA,True
EP01102P009156,1,3,0,27,True,1,NA,True
EP00747P033242,13,21,0,29,False,1,NA,True
EP00042P042559,3,0,0,11,True,1,NA,False
EP00298P023243,11,0,0,28,True,1,NA,False
EP00162P017322,51,0,0,29,True,1,NA,False
EP00242P010408,13,0,0,23,False,1,NA,False
EP00008P005545,47,0,0,10,False,1,NA,False
EP00638P016034,3,0,0,21,True,1,NA,False
EPZ35811.1,23,8,0,14,False,1,NA,True
EP00440P065546,3,0,0,24,True,1,NA,False
EP01034P028199,9,0,0,25,True,1,NA,False
EP00679P005694,11,1,0,20,False,1,NA,True
XP_008661068.1,40,0,0,10,False,1,NA,False
EP00339P011764,45,3,0,26,False,1,NA,True
EP00013P014974,6,1,0,18,False,1,NA,True
EP00931P111828,1,11,0,30,True,1,NA,True
EP00001P101763,14,0,0,20,False,1,NA,False
EP00429P105571,6,35,4,24,False,1,NA,True
EP01042P008723,8,0,0,30,True,1,NA,False
EP01146P006928,6,52,0,30,False,1,NA,True
EP00427P014042,1,11,0,19,True,1,NA,True
EP00282P004203,3,0,0,16,True,1,NA,False
EP01083P035234,10,0,0,17,True,1,NA,False
EP00011P007542,7,62,1,24,False,1,NA,True
EP00339P002041,12,0,0,17,False,1,NA,False
EP00440P074916,7,2,0,10,False,1,NA,True
EP00753P000897,4,0,0,12,True,1,NA,False
EP00746P034573,44,0,0,30,True,1,NA,False
CBJ32131.1,4,0,0,30,False,1,NA,False
EP00382P010406,10,0,0,30,True,1,NA,False
EP00899P002925,19,0,0,10,True,1,NA,False
EP00845P002936,12,2,0,30,False,1,NA,True
EP00746P137338,51,0,0,30,False,1,NA,False
EP01122P010038,36,0,0,13,False,1,NA,False
EP00066P002372,68,0,0,30,False,1,NA,False
EP00505P004242,12,48,10,21,False,1,NA,True
EP00468P012021,13,4,0,23,True,1,NA,True
EP00232P029619,5,0,0,10,True,1,NA,False
EP01059P019379,7,0,0,10,False,1,NA,False
EP00877P006990,3,4,0,10,False,1,NA,True
EP00587P017228,1,69,0,14,True,1,NA,True
EP00427P058962,5,0,0,12,False,1,NA,False
EP00092P050814,13,0,0,14,True,1,NA,False
EP00131P008732,17,5,1,15,False,1,NA,True
EP00069P021710,8,0,0,26,True,1,NA,False
EP00083P010873,27,5,0,30,False,1,NA,True
EP00908P016012,2,15,0,13,False,1,NA,True
EP00434P031132,1,3,0,23,True,1,NA,True
EP00920P012095,6,0,0,20,True,1,NA,False
XP_016875505.1,35,0,0,15,False,1,NA,False
EP00135P005849,19,0,0,18,True,1,NA,False
EP00168P007887,14,0,0,21,True,1,NA,False
EP01016P057320,5,0,0,25,False,1,NA,False
EP00876P009881,9,0,0,30,False,1,NA,False
EP00930P095147,22,0,0,27,True,1,NA,False
EP00333P023790,15,0,0,5,False,1,NA,False
EP00357P003699,21,47,2,15,False,1,NA,True
EP01132P020504,53,0,0,30,True,1,NA,False
EP00462P018693,19,51,0,30,False,1,NA,True
EP00798P004198,6,0,0,30,False,1,NA,False
EP00944P013944,5,0,0,26,False,1,NA,False
EP00320P000723,3,0,0,14,False,1,NA,False
EP00378P002996,11,19,0,18,False,1,NA,True
EP00876P013234,5,0,0,7,True,1,NA,False
XP_015621236.2,3,0,0,30,True,1,NA,False
EP00842P004638,8,4,0,7,False,1,NA,True
EP01059P010985,7,0,0,29,True,1,NA,False
EP00456P088699,9,0,0,12,True,1,NA,False
EP00073P034668,5,24,0,20,False,1,NA,True
EP00153P015300,5,0,0,15,True,1,NA,False
EP00878P010581,12,56,2,15,False,1,NA,True
EP01136P022978,23,0,0,19,False,1,NA,False
EP00375P003803,3,0,0,27,True,1,NA,False
EP00746P115256,16,0,0,10,False,1,NA,False
EP01041P033022,5,0,0,14,True,1,NA,False
XP_011270656.1,5,0,0,25,False,1,NA,False
EP00804P011425,1,14,0,13,True,1,NA,True
EP01114P022256,23,0,0,28,True,1,NA,False
EP00455P042010,19,0,0,20,False,1,NA,False
EP01102P002753,66,0,0,11,False,1,NA,False
EP00043P003690,9,0,0,30,False,1,NA,False
EP00091P010391,5,0,0,16,True,1,NA,False
EP01025P069100,9,5,0,22,False,1,NA,True
EP00406P081625,13,0,0,27,False,1,NA,False
XP_001750875.1,5,3,0,10,False,1,NA,True
EP00380P032224,3,5,0,30,True,1,NA,True
EP00494P033097,18,0,0,22,False,1,NA,False
EP00935P002630,10,0,0,12,True,1,NA,False
EP00378P001067,3,63,4,14,False,1,NA,True
EP00954P012717,13,0,0,14,True,1,NA,False
EP00645P013004,10,29,0,30,False,1,NA,True
EP00922P034470,56,0,0,25,True,1,NA,False
EP00404P005997,1,7,0,3,True,1,NA,True
EP00480P037237,1,7,0,19,True,1,NA,True
XP_009038666.1,5,30,0,21,False,1,NA,True
EP00199P002547,9,1,0,20,False,1,NA,True
EP00653P003111,8,0,0,30,False,1,NA,False
EP01133P023663,7,5,0,15,False,1,NA,True
EP00747P022160,31,0,0,30,False,1,NA,False
EP01032P024367,3,0,0,22,True,1,NA,False
EP00028P000107,45,0,0,16,False,1,NA,False
EP00250P010888,8,0,0,12,False,1,NA,False
EP00199P006692,7,0,0,10,True,1,NA,False
EP00702P003265,47,0,0,30,False,1,NA,False
EP00531P002902,10,0,0,24,True,1,NA,False
EP00449P024412,17,33,0,3,False,1,NA,True
EP00074P060776,62,0,0,29,True,1,NA,False
EP00697P008872,13,0,0,30,True,1,NA,False
EP00098P005738,30,0,0,30,True,1,NA,False
EP00504P001548,6,0,0,30,True,1,NA,False
EP00443P109806,5,0,0,23,True,1,NA,False
EP01125P021145,19,51,0,30,False,1,NA,True
EP00744P011811,25,1,0,15,False,1,NA,True
EP00004P001666,27,0,0,13,False,1,NA,False
EP01133P023593,8,7,0,29,False,1,NA,True
EP01017P035736,10,1,0,11,False,1,NA,True
EP00908P026817,7,0,0,25,True,1,NA,False
EP00840P001639,6,0,0,10,False,1,NA,False
EP00455P041750,3,67,0,10,False,1,NA,True
EP00100P008528,6,0,0,27,True,1,NA,False
EP00832P010182,6,0,0,13,False,1,NA,False
EP00279P003729,5,0,0,12,False,1,NA,False
EP00013P019285,64,0,0,30,False,1,NA,False
EP00639P018814,5,0,0,11,True,1,NA,False
EP01039P020301,5,0,0,21,False,1,NA,False
EP01030P019622,6,0,0,20,True,1,NA,False
EP00877P006887,8,0,0,10,True,1,NA,False
EP01030P021363,6,64,0,30,False,1,NA,True
EP01061P006381,11,0,0,14,True,1,NA,False
EP00069P015833,51,0,0,30,True,1,NA,False
EP00049P013479,19,0,0,26,False,1,NA,False
EP00029P013523,14,0,0,16,False,1,NA,False
XP_025875699.1,7,0,0,15,True,1,NA,False
EP00058P022697,3,0,0,30,True,1,NA,False
EP00920P016042,3,0,3,30,True,1,NA,False
EP00686P005485,9,34,19,13,False,1,NA,True
EP00164P005027,9,0,0,17,True,1,NA,False
EP00873P005539,23,0,0,15,False,1,NA,False
EP00918P035895,3,0,0,13,True,1,NA,False
EP01022P034866,16,0,0,19,False,1,NA,False
EP00042P029689,4,63,3,27,False,1,NA,True
EP00897P003875,33,0,0,24,True,1,NA,False
EP00926P003371,44,0,0,30,False,1,NA,False
EP01048P012056,1,23,0,30,True,1,NA,True
EP01049P015149,18,0,0,30,False,1,NA,False
EP00927P051033,20,0,0,10,False,1,NA,False
EP00449P046851,7,0,0,17,True,1,NA,False
EP00582P015561,15,46,9,30,False,1,NA,True
EP00283P002312,30,0,0,30,True,1,NA,False
EP00761P003677,12,2,0,30,False,1,NA,True
EP01035P047896,8,0,0,30,False,1,NA,False
EP00440P061970,10,60,0,20,False,1,NA,True
EP01129P008382,8,28,0,30,False,1,NA,True
EP00303P002433,16,0,0,17,False,1,NA,False
EP00056P010495,5,0,0,10,True,1,NA,False
EP00960P068431,34,11,0,11,False,1,NA,True
EP00672P027644,5,60,4,30,False,1,NA,True
EP00903P021730,3,64,3,25,False,1,NA,True
EP00579P023123,3,0,0,30,True,1,NA,False
EP01156P011892,3,0,0,25,True,1,NA,False
EP00825P027980,9,60,1,30,False,1,NA,True
EP00645P002705,4,59,7,30,False,1,NA,True
EP00555P000024,5,17,2,24,False,1,NA,True
EP00916P026690,8,0,0,13,True,1,NA,False
EP00971P018112,5,0,0,16,True,1,NA,False
EP00958P004724,2,11,0,21,True,1,NA,True
EP01111P015846,9,0,4,20,False,1,NA,False
EP00418P024602,7,38,0,30,False,1,NA,True
EP00302P001478,13,24,0,12,True,1,NA,True
EP01096P012875,36,0,0,29,True,1,NA,False
EP00727P009748,10,8,0,11,True,1,NA,True
EP00956P026814,70,0,0,22,False,1,NA,False
EP00923P037173,9,61,0,19,False,1,NA,True
EP00657P011039,18,0,0,30,False,1,NA,False
EP01134P006971,60,0,0,30,False,1,NA,False
EP00625P009086,3,0,0,26,True,1,NA,False
EP00824P023610,9,0,0,10,True,1,NA,False
EP00854P014414,15,34,0,30,False,1,NA,True
EP00279P020261,3,0,0,30,False,1,NA,False
EP01093P005941,6,1,27,30,False,1,NA,True
EP00091P020721,7,0,0,27,True,1,NA,False
EP00258P020718,8,0,0,15,False,1,NA,False
EP00918P087307,6,0,0,11,True,1,NA,False
EP00444P057964,22,3,1,17,False,1,NA,True
EP00051P006936,20,33,16,30,False,1,NA,True
EP00060P042692,12,0,0,19,True,1,NA,False
EP00761P006042,7,55,0,30,False,1,NA,True
EP01037P038510,13,0,0,15,False,1,NA,False
EP00428P078249,51,0,0,12,True,1,NA,False
EP00598P001050,60,0,0,11,False,1,NA,False
EP00466P000418,6,0,0,12,True,1,NA,False
XP_005852296.1,13,0,0,20,True,1,NA,False
EP00429P126678,22,0,0,14,False,1,NA,False
EP00624P006888,44,0,0,29,False,1,NA,False
EP00478P002767,15,52,3,30,False,1,NA,True
EP00885P004710,8,0,18,29,False,1,NA,False
EP00928P068867,32,0,0,30,False,1,NA,False
EP01083P263915,22,0,0,22,False,1,NA,False
EP00286P000494,23,0,0,10,False,1,NA,False
EP00873P032230,31,3,0,23,False,1,NA,True
EP00164P022222,11,13,0,30,False,1,NA,True
EP00105P000115,7,0,0,28,True,1,NA,False
KAA6339635.1,25,0,0,25,False,1,NA,False
EP00111P006724,13,0,0,12,True,1,NA,False
EP00920P042277,12,0,24,30,False,1,NA,False
EP00242P010972,3,0,0,12,True,1,NA,False
EP00217P008170,6,18,0,19,False,1,NA,True
EP00671P017011,36,0,0,11,True,1,NA,False
EP01090P016177,11,34,0,11,False,1,NA,True
EP00511P009457,15,0,0,30,False,1,NA,False
EP00440P020075,6,1,0,6,False,1,NA,True
EP00747P223686,6,1,27,12,False,1,NA,True
XP_960740.2,16,0,0,19,True,1,NA,False
EP00445P082802,5,0,0,15,True,1,NA,False
EP00264P065401,9,0,0,13,True,1,NA,False
EP00571P013111,20,50,0,30,False,1,NA,True
EP00241P018982,15,0,0,18,True,1,NA,False
EP00879P013492,18,45,7,30,False,1,NA,True
EP01008P001047,6,0,0,29,True,1,NA,False
EP01156P010135,1,9,0,10,True,1,NA,True
EP01108P001045,3,19,0,28,False,1,NA,True
EP00048P014447,64,0,0,14,False,1,NA,False
EP00054P012700,17,0,0,30,False,1,NA,False
EP00003P028952,10,3,0,22,False,1,NA,True
EP01036P058807,14,0,0,30,False,1,NA,False
EP01136P023611,16,0,0,25,False,1,NA,False
EP01127P023735,43,0,0,19,True,1,NA,False
XP_007711349.1,9,59,2,30,False,1,NA,True
EP00079P000291,9,19,0,23,False,1,NA,True
EP00665P008984,20,0,0,11,False,1,NA,False
EP00428P071688,1,14,0,30,True,1,NA,True
EP00261P031299,40,0,0,12,False,1,NA,False
EP00951P048479,11,0,0,30,False,1,NA,False
EP01155P056325,7,0,0,13,True,1,NA,False
EP00241P023272,4,66,0,20,False,1,NA,True
EP00052P029700,11,3,0,19,False,1,NA,True
EP01065P009404,7,0,0,16,True,1,NA,False
EP01062P038780,3,0,0,30,True,1,NA,False
EP00429P071593,5,3,0,21,False,1,NA,True
EP00297P012566,3,1,0,30,False,1,NA,True
EP00206P009166,26,0,0,30,True,1,NA,False
XP_019074496.1,9,0,0,22,False,1,NA,False
KAA0163728.1,46,0,0,27,False,1,NA,False
EP00519P000036,47,0,16,10,False,1,NA,False
EP00413P029388,4,62,4,10,False,1,NA,True
EP00922P052718,26,0,0,29,False,1,NA,False
EP00420P037647,40,0,0,4,False,1,NA,False
EP01084P032483,11,0,0,11,False,1,NA,False
EP01012P019618,9,1,0,14,False,1,NA,True
EP01083P024269,8,1,0,13,True,1,NA,True
EP00843P019430,6,37,7,14,False,1,NA,True
EP00032P000051,5,0,0,24,True,1,NA,False
EP00268P021985,10,54,6,30,False,1,NA,True
EP00746P100274,18,52,0,10,False,1,NA,True
EP00315P043715,4,16,0,30,False,1,NA,True
EP00088P068439,14,0,0,12,True,1,NA,False
EP00290P053390,5,30,0,13,False,1,NA,True
EP01031P051734,19,36,0,10,True,1,NA,True
EP00249P013265,16,0,3,19,False,1,NA,False
EP00143P002631,14,0,0,21,False,1,NA,False
EP00047P016271,3,0,0,30,True,1,NA,False
EP01114P017387,5,0,0,21,True,1,NA,False
EP01018P011709,66,0,0,15,False,1,NA,False
EP00047P016373,7,0,0,18,True,1,NA,False
EP01032P002878,5,0,0,17,True,1,NA,False
EP00582P016487,6,64,0,23,False,1,NA,True
EP00792P012044,7,1,0,11,True,1,NA,True
EP00918P020148,7,0,0,13,True,1,NA,False
EP00279P021349,18,52,0,28,False,1,NA,True
EP00831P071410,4,63,3,30,False,1,NA,True
EP01091P020647,47,0,0,14,False,1,NA,False
EP00287P016333,50,0,0,15,False,1,NA,False
EP00933P007175,3,67,0,18,False,1,NA,True
EP01062P034591,49,0,0,30,False,1,NA,False
EP00850P014703,6,0,3,30,False,1,NA,False
EP00004P019698,33,0,0,12,True,1,NA,False
EP01092P000285,9,0,0,30,True,1,NA,False
EP00519P015527,30,0,0,25,False,1,NA,False
EP00899P014659,2,62,6,30,False,1,NA,True
EP01032P003631,11,0,0,20,True,1,NA,False
EP00303P011542,6,2,0,13,True,1,NA,True
EP00933P016042,7,32,0,28,False,1,NA,True
EP01083P241397,33,0,0,18,True,1,NA,False
EP00012P003521,5,0,0,17,True,1,NA,False
EP00931P048159,3,63,4,14,False,1,NA,True
EP00823P006932,12,0,0,10,True,1,NA,False
EP00241P022898,5,0,0,19,False,1,NA,False
EP00189P013808,5,65,0,10,False,1,NA,True
EP00839P011417,8,62,0,16,False,1,NA,True
EP00925P020461,3,67,0,13,False,1,NA,True
EP00887P006733,6,0,0,23,False,1,NA,False
EP00500P012624,18,50,2,15,False,1,NA,True
EP00457P019017,51,0,0,16,True,1,NA,False
EP00747P049431,7,0,0,10,True,1,NA,False
EP00092P071695,11,7,1,14,False,1,NA,True
EP00468P010122,14,0,0,28,True,1,NA,False
EP01122P016441,7,0,23,15,False,1,NA,False
EP00171P016614,13,0,0,30,False,1,NA,False
EP00747P054972,10,3,0,13,False,1,NA,True
EP00529P023217,5,0,0,3,False,1,NA,False
EP00153P011349,22,0,0,23,True,1,NA,False
EP00998P010049,6,0,0,14,False,1,NA,False
EP01094P002427,15,1,0,30,False,1,NA,True
EP00527P007148,3,0,0,11,True,1,NA,False
EP00588P017485,66,0,0,18,False,1,NA,False
EP01133P016247,34,13,0,30,True,1,NA,True
EP00115P010876,14,1,0,12,False,1,NA,True
EP00826P018310,5,0,0,12,True,1,NA,False
EP00828P047151,2,9,0,23,False,1,NA,True
EP01122P017375,4,65,0,30,False,1,NA,True
EP00095P006374,19,0,0,30,True,1,NA,False
EP00768P003896,9,6,0,23,True,1,NA,True
EP01097P003809,3,4,0,26,True,1,NA,True
EP01017P036577,6,0,0,29,False,1,NA,False
EP01026P004865,24,0,0,30,False,1,NA,False
EP00061P004106,9,0,0,14,False,1,NA,False
EP00255P016695,3,0,0,30,True,1,NA,False
EP00762P008213,12,6,0,30,False,1,NA,True
EP01041P020624,11,49,8,30,False,1,NA,True
EP00054P018914,6,0,0,24,False,1,NA,False
EP00296P000238,9,0,0,11,True,1,NA,False
EP01156P013903,3,0,0,30,True,1,NA,False
EP01035P059687,23,16,25,12,False,1,NA,True
EP00878P002612,19,0,0,29,True,1,NA,False
EP00869P002393,57,0,0,29,True,1,NA,False
EP01104P019389,36,0,0,11,False,1,NA,False
EP00580P016828,6,0,16,30,True,1,NA,False
EP01034P028265,10,16,0,30,False,1,NA,True
EP00863P011033,15,0,0,19,False,1,NA,False
EP00020P010526,5,1,1,30,False,1,NA,True
EP00285P013602,25,0,0,25,False,1,NA,False
EP00706P001858,31,0,13,30,False,1,NA,False
EP00443P086662,2,15,0,28,False,1,NA,True
EP00878P045206,5,0,0,14,True,1,NA,False
EP00601P022841,5,0,0,15,True,1,NA,False
EP00461P001108,5,0,0,14,True,1,NA,False
EP00224P005291,30,0,0,30,False,1,NA,False
EP00759P051729,3,0,0,12,True,1,NA,False
EP00117P019138,5,0,0,17,True,1,NA,False
EP01026P024886,4,62,4,29,False,1,NA,True
EP00797P034311,44,0,0,28,False,1,NA,False
EP01065P039193,6,64,0,30,False,1,NA,True
EP00250P006163,9,25,0,30,False,1,NA,True
EP00621P012294,5,1,0,10,False,1,NA,True
EP00858P007488,8,1,0,10,False,1,NA,True
EP00824P026435,18,2,0,23,False,1,NA,True
EP01062P048332,3,0,0,29,True,1,NA,False
EP00026P022856,3,0,0,10,True,1,NA,False
XP_019072302.1,54,7,1,21,False,1,NA,True
EP00088P026450,9,1,9,26,False,1,NA,True
EP00264P006276,6,0,0,30,True,1,NA,False
EP00359P004909,7,9,18,30,False,1,NA,True
EP00653P008364,5,0,0,23,False,1,NA,False
EP00093P007175,1,10,0,13,True,1,NA,True
EP01052P038598,8,0,0,17,True,1,NA,False
EP00445P042291,7,28,0,14,False,1,NA,True
EP00190P000016,10,0,25,30,False,1,NA,False
EP00296P008957,5,6,0,12,False,1,NA,True
EP01156P016719,8,0,0,18,True,1,NA,False
EP00455P054862,9,18,0,15,False,1,NA,True
EP00331P008854,3,0,0,10,True,1,NA,False
EP00831P025548,16,0,0,29,True,1,NA,False
EP01156P021551,3,57,2,30,False,1,NA,True
EP00746P055067,8,18,0,23,False,1,NA,True
EP00656P026446,64,0,0,25,False,1,NA,False
EP00216P003335,9,0,0,30,False,1,NA,False
EP00801P014159,3,66,0,30,False,1,NA,True
XP_018650137.1,61,0,0,17,True,1,NA,False
EP00429P113125,34,0,0,12,True,1,NA,False
EP00956P026776,13,0,1,30,True,1,NA,False
EP00049P006466,13,49,0,29,False,1,NA,True
EP00277P033951,6,1,27,10,False,1,NA,True
EP00339P027545,5,0,0,22,False,1,NA,False
EP00686P011796,10,60,0,30,False,1,NA,True
EP00812P007788,17,0,0,13,True,1,NA,False
EP01036P049506,6,0,0,30,False,1,NA,False
EP00443P029604,8,62,0,19,False,1,NA,True
EP01155P055191,29,0,0,29,False,1,NA,False
EP00290P043752,21,0,0,19,True,1,NA,False
EP01114P018852,11,0,0,25,True,1,NA,False
EP00300P025717,1,11,0,3,True,1,NA,True
EP00933P024647,23,0,0,12,False,1,NA,False
EP01084P320203,3,0,0,30,True,1,NA,False
EP00588P009079,10,0,0,30,True,1,NA,False
EP00750P002632,5,0,0,18,False,1,NA,False
EP01015P028111,9,43,10,30,False,1,NA,True
EP00206P006190,17,9,0,30,False,1,NA,True
EP00636P009059,17,0,0,30,True,1,NA,False
EP00793P001168,3,9,0,14,False,1,NA,True
EP00591P016450,6,36,0,19,False,1,NA,True
EP01043P002377,7,2,11,30,False,1,NA,True
EP01123P015853,3,0,0,28,True,1,NA,False
EP00798P016150,23,0,0,11,False,1,NA,False
EP01023P022483,12,15,1,18,False,1,NA,True
EP00440P070303,11,7,1,25,False,1,NA,True
NP_505213.2,7,1,0,30,False,1,NA,True
EP01105P025132,7,0,0,25,True,1,NA,False
EP00075P033375,7,0,0,11,True,1,NA,False
EP00929P120557,2,15,0,13,False,1,NA,True
EP00883P006869,15,0,0,16,True,1,NA,False
EP00129P011504,45,0,0,30,False,1,NA,False
EP00889P002288,3,0,0,30,True,1,NA,False
EP00618P002667,8,2,0,30,False,1,NA,True
EP00169P006110,1,23,0,30,True,1,NA,True
EP00889P000005,23,0,0,19,False,1,NA,False
EP00858P006806,5,17,2,15,False,1,NA,True
EP00312P027546,33,0,0,29,True,1,NA,False
EP00747P082334,3,0,0,20,True,1,NA,False
EP00028P012898,3,0,0,30,True,1,NA,False
EP01101P006048,3,0,0,11,True,1,NA,False
EP00224P006515,7,28,0,30,False,1,NA,True
EP00041P015582,22,0,0,16,False,1,NA,False
EP00932P003463,8,34,0,12,False,1,NA,True
EP00747P208749,25,0,0,30,True,1,NA,False
EP01036P003785,15,0,0,30,False,1,NA,False
EP00153P011509,3,0,0,10,True,1,NA,False
EP01012P015743,39,3,0,4,False,1,NA,True
EP00676P001388,8,34,14,30,False,1,NA,True
EP00256P063874,3,0,0,21,False,1,NA,False
EP00405P059530,4,66,0,25,False,1,NA,True
EP00659P010903,6,0,0,30,False,1,NA,False
EP00435P041511,5,54,10,19,False,1,NA,True
EP00935P000102,10,29,0,10,False,1,NA,True
EP00754P044341,14,56,0,30,False,1,NA,True
EP00764P013371,6,0,0,29,True,1,NA,False
EP00007P001691,3,0,0,30,True,1,NA,False
EP00908P025920,13,0,0,10,False,1,NA,False
EP01124P015108,1,9,0,29,True,1,NA,True
EP00161P004259,7,0,0,24,True,1,NA,False
EP00004P022682,3,0,0,30,True,1,NA,False
EP00878P029953,35,0,0,13,False,1,NA,False
EP00746P039476,40,7,0,30,True,1,NA,True
EP00744P034002,1,3,0,11,True,1,NA,True
EP00198P011747,64,4,0,14,False,1,NA,True
EP00419P075410,13,31,0,30,False,1,NA,True
EP01016P030484,12,6,0,15,False,1,NA,True
EP01155P013679,7,0,0,14,True,1,NA,False
EP01094P010598,41,0,0,30,True,1,NA,False
EP00480P026700,1,5,0,15,True,1,NA,True
XP_030844339.1,10,1,0,19,True,1,NA,True
EP01041P040137,29,0,0,30,False,1,NA,False
XP_961780.3,3,65,0,30,False,1,NA,True
EP00585P023961,5,0,0,23,True,1,NA,False
EP00421P053036,5,0,0,12,True,1,NA,False
EP00956P023961,9,0,0,18,True,1,NA,False
EP01120P015849,3,0,0,30,True,1,NA,False
EP00108P005416,10,1,0,30,False,1,NA,True
XP_007389941.1,3,0,0,14,True,1,NA,False
EP01088P004658,1,10,0,29,True,1,NA,True
EP00747P137834,1,10,0,30,True,1,NA,True
EP00012P012154,20,0,0,16,True,1,NA,False
EP00727P005242,3,0,0,22,True,1,NA,False
EP00408P018709,18,0,0,15,False,1,NA,False
EP00747P046530,13,0,0,30,False,1,NA,False
EP01031P008111,16,0,0,30,True,1,NA,False
EP00279P009515,5,0,0,22,False,1,NA,False
EP01046P064530,42,3,0,11,False,1,NA,True
EP00525P005585,8,9,0,30,False,1,NA,True
EP00302P024564,64,0,0,21,False,1,NA,False
EP00090P034569,3,18,0,19,False,1,NA,True
EP00828P023789,3,0,0,23,True,1,NA,False
EP01092P016915,6,0,0,13,False,1,NA,False
EP00746P014677,44,0,0,13,False,1,NA,False
EP01116P010967,1,11,0,26,True,1,NA,True
EP01063P002746,4,62,4,22,False,1,NA,True
EP00011P014603,6,0,0,13,True,1,NA,False
EP00455P048869,48,0,0,30,True,1,NA,False
EP01132P014389,3,0,0,20,True,1,NA,False
EP00302P027933,3,0,0,30,True,1,NA,False
EP00217P010711,2,66,2,30,False,1,NA,True
EP00768P001830,5,0,0,29,False,1,NA,False
EP01037P008678,3,3,0,29,True,1,NA,True
EP00518P020114,4,0,29,24,False,1,NA,False
EP01013P009439,14,1,0,30,True,1,NA,True
EP00831P069183,10,49,4,17,False,1,NA,True
EP00444P073159,19,0,0,13,True,1,NA,False
EP00088P016531,1,4,0,30,True,1,NA,True
EP01083P288599,26,0,0,16,True,1,NA,False
EP01052P026192,6,0,0,22,True,1,NA,False
EP00110P000037,9,0,0,15,False,1,NA,False
XP_002670392.1,1,12,0,30,True,1,NA,True
EP00667P010890,22,0,0,15,False,1,NA,False
EP01034P015384,13,0,0,20,True,1,NA,False
EP00178P006410,3,0,0,30,True,1,NA,False
EP01016P013641,5,0,0,23,True,1,NA,False
EP01156P010895,3,0,0,30,False,1,NA,False
EP00413P017078,11,5,0,12,False,1,NA,True
EP00036P026318,31,0,0,29,True,1,NA,False
EP00088P063252,7,4,0,21,False,1,NA,True
XP_005792786.1,9,3,0,11,False,1,NA,True
EP00747P222235,6,1,0,14,True,1,NA,True
EP00847P003771,1,3,0,15,True,1,NA,True
EP00451P022962,10,19,0,15,False,1,NA,True
EP00435P050533,10,29,0,26,False,1,NA,True
EP00429P002799,21,0,0,30,False,1,NA,False
EP00104P029451,3,0,0,15,True,1,NA,False
EP00755P025245,3,0,0,23,True,1,NA,False
EP00608P004543,5,65,0,30,False,1,NA,True
EP00828P022674,12,0,0,30,True,1,NA,False
EP00292P012790,9,60,1,12,False,1,NA,True
EP00139P004449,5,9,0,21,False,1,NA,True
EP00069P019693,1,3,0,25,True,1,NA,True
EP01035P023458,6,0,0,12,True,1,NA,False
EP00685P004369,29,0,0,25,True,1,NA,False
EP00802P020171,48,0,0,30,True,1,NA,False
XP_015647385.1,2,7,0,30,False,1,NA,True
EP01130P008234,13,0,0,30,True,1,NA,False
EP00405P015650,1,64,5,18,True,1,NA,True
EP01124P032795,17,0,0,25,True,1,NA,False
EP01042P012985,5,0,0,25,True,1,NA,False
EP00931P087756,4,18,0,20,False,1,NA,True
EP00998P000396,3,67,0,30,False,1,NA,True
EP00839P010117,7,0,0,23,True,1,NA,False
EP00187P002052,9,0,0,10,True,1,NA,False
EP01063P019117,5,0,0,14,True,1,NA,False
EP00085P012729,10,40,1,18,False,1,NA,True
EP01116P010228,5,0,0,30,False,1,NA,False
EP01136P038656,3,0,0,30,True,1,NA,False
EP00887P004431,3,0,0,19,True,1,NA,False
EP01001P011800,8,0,0,11,False,1,NA,False
EP00026P007518,8,30,0,17,False,1,NA,True
EP00998P007486,16,0,0,18,False,1,NA,False
EP00037P026052,5,0,0,21,True,1,NA,False
EP01052P057017,11,0,0,30,False,1,NA,False
EP00389P000699,23,0,0,16,False,1,NA,False
EP01137P016280,36,0,0,30,False,1,NA,False
EP00041P012986,1,68,1,30,True,1,NA,True
EP01156P013279,16,0,0,19,True,1,NA,False
EP00698P002803,9,0,0,28,False,1,NA,False
EP01080P007300,58,0,0,24,False,1,NA,False
EP00336P009516,3,18,0,11,False,1,NA,True
EP00869P002254,5,0,26,29,False,1,NA,False
EP00649P008903,16,0,0,30,False,1,NA,False
EP00471P005635,5,0,0,10,True,1,NA,False
EP00054P016649,5,0,0,27,False,1,NA,False
EP00179P026829,2,2,7,30,False,1,NA,True
EP00307P009914,21,0,0,30,False,1,NA,False
EP00799P012826,5,0,0,17,False,1,NA,False
XP_007395282.1,10,8,0,30,False,1,NA,True
EP00106P015153,16,0,0,21,True,1,NA,False
EP00357P009383,15,0,0,26,False,1,NA,False
EP00747P111722,9,0,0,19,True,1,NA,False
EP00232P028981,7,0,29,30,False,1,NA,False
EP00565P002170,19,0,0,21,False,1,NA,False
EP00181P003511,2,11,0,23,False,1,NA,True
EP00735P012649,16,30,0,18,False,1,NA,True
EP00702P000487,3,0,0,18,True,1,NA,False
XP_009032209.1,10,0,0,30,True,1,NA,False
EP01083P318580,5,64,1,22,False,1,NA,True
EP00306P024435,2,15,0,11,False,1,NA,True
EP00883P005412,9,0,0,28,False,1,NA,False
EP00268P018634,1,3,0,11,True,1,NA,True
EP00966P305812,15,0,0,28,False,1,NA,False
EP00141P000328,1,11,0,17,True,1,NA,True
EP00510P004762,3,0,0,30,True,1,NA,False
EP00566P010729,10,7,13,30,False,1,NA,True
EP00764P004598,35,0,0,18,False,1,NA,False
EP01095P017255,14,0,0,27,True,1,NA,False
EP00634P016279,7,28,0,19,False,1,NA,True
EP00029P014380,6,58,0,27,False,1,NA,True
EP01118P012042,3,11,0,10,False,1,NA,True
EP01018P018404,40,0,0,14,False,1,NA,False
EP00611P032650,10,16,0,30,False,1,NA,True
EP00084P000866,51,0,0,12,False,1,NA,False
EP00063P012196,9,47,14,16,False,1,NA,True
EP00171P021046,2,0,12,13,False,1,NA,False
XP_018188153.1,1,26,0,17,True,1,NA,True
EP00195P007450,33,9,0,10,False,1,NA,True
EP00541P008249,4,25,0,19,False,1,NA,True
EP01035P051164,14,0,0,30,False,1,NA,False
EP00931P066805,46,1,0,30,False,1,NA,True
EP00131P009319,1,7,0,13,True,1,NA,True
EP01118P012920,1,12,0,16,True,1,NA,True
EP00429P037194,5,0,0,26,False,1,NA,False
EP00326P007712,43,0,0,30,True,1,NA,False
EP00889P007300,1,5,0,29,True,1,NA,True
RWR81412.1,34,13,0,12,False,1,NA,True
EP00195P011148,5,0,0,22,True,1,NA,False
EP00801P013649,9,56,5,28,False,1,NA,True
EP00957P133203,7,60,3,21,False,1,NA,True
EP01156P010336,9,0,0,30,True,1,NA,False
XP_026389938.1,18,0,0,20,True,1,NA,False
EP00558P010166,5,0,0,12,True,1,NA,False
EP00658P010861,8,32,1,11,False,1,NA,True
EP00931P001879,44,0,0,22,True,1,NA,False
EP00467P023985,17,0,0,30,False,1,NA,False
EP00630P010249,44,0,0,18,True,1,NA,False
EP00527P001340,31,3,0,22,False,1,NA,True
EP01104P004068,7,56,7,25,False,1,NA,True
EP00833P018289,5,0,0,7,True,1,NA,False
EP01048P022058,2,29,0,10,False,1,NA,True
EP00975P055149,7,41,4,29,False,1,NA,True
EP01092P014732,40,0,0,28,False,1,NA,False
EP00359P007789,4,58,8,30,False,1,NA,True
XP_026453324.1,8,0,0,17,False,1,NA,False
EP00293P012910,15,0,0,12,False,1,NA,False
EP00936P000258,33,0,0,12,True,1,NA,False
EP00121P002087,7,8,0,18,False,1,NA,True
EP00191P017588,7,33,0,23,False,1,NA,True
EP00523P023294,1,7,0,20,True,1,NA,True
EP00775P014583,3,0,0,30,True,1,NA,False
EP00930P001603,1,18,0,19,True,1,NA,True
EP00189P005324,3,0,0,30,True,1,NA,False
EP00863P016085,6,0,0,30,True,1,NA,False
EP00465P001521,9,0,0,11,False,1,NA,False
EP01155P054218,20,0,0,15,False,1,NA,False
EP00597P003209,6,55,9,30,False,1,NA,True
EP00617P014839,23,0,0,14,True,1,NA,False
EP00811P035266,7,25,0,25,False,1,NA,True
EP01029P024750,7,0,0,12,False,1,NA,False
EP00294P010854,2,14,0,14,True,1,NA,True
EP00314P029317,11,1,0,17,False,1,NA,True
EP01083P141479,10,54,0,30,False,1,NA,True
EP01034P016672,26,0,0,14,False,1,NA,False
EP00545P003604,8,40,1,30,False,1,NA,True
EP00116P003010,3,65,2,18,False,1,NA,True
EP00473P008922,6,0,9,29,False,1,NA,False
EP00868P000129,12,0,24,29,False,1,NA,False
EP00026P011119,23,0,0,20,True,1,NA,False
EP00238P001630,39,0,0,9,False,1,NA,False
EP00254P018053,7,62,1,12,False,1,NA,True
EP00462P013567,5,0,0,21,False,1,NA,False
EP00475P021225,9,0,0,29,False,1,NA,False
EP01087P005806,8,0,0,23,False,1,NA,False
NP_788553.1,5,64,0,15,False,1,NA,True
EP00264P218964,3,0,0,10,True,1,NA,False
EP01029P023947,5,0,0,25,True,1,NA,False
XP_007394655.1,2,8,0,17,False,1,NA,True
EP00343P011199,8,7,0,30,False,1,NA,True
EP01006P015480,3,0,0,30,True,1,NA,False
CBN74130.1,5,0,0,16,True,1,NA,False
EP00180P002548,24,4,20,17,False,1,NA,True
EP01012P022243,3,0,0,30,True,1,NA,False
EP00296P001796,8,0,0,12,True,1,NA,False
EP00443P077850,5,46,2,13,False,1,NA,True
EP00747P032883,10,0,0,3,False,1,NA,False
EP00057P020988,5,0,0,28,True,1,NA,False
EP00252P021066,11,0,0,17,True,1,NA,False
EP01083P277258,32,7,1,10,False,1,NA,True
EP01117P013302,20,0,0,11,False,1,NA,False
EP00121P002786,6,21,0,30,False,1,NA,True
EP00264P224867,7,0,0,12,False,1,NA,False
EP00295P025286,9,0,0,14,False,1,NA,False
EP00884P012595,5,0,0,30,True,1,NA,False
EP00264P003798,7,2,0,20,False,1,NA,True
EP00151P017843,3,0,0,30,True,1,NA,False
EP00465P011212,5,0,0,15,False,1,NA,False
EP00282P043865,8,0,0,30,True,1,NA,False
EP00240P013417,16,0,0,17,True,1,NA,False
EP00183P000952,3,67,0,21,False,1,NA,True
EP00574P009170,52,0,0,15,False,1,NA,False
EP00659P008593,16,1,0,18,False,1,NA,True
EP00923P040944,17,0,0,30,True,1,NA,False
EP00534P012405,43,0,0,30,True,1,NA,False
EP01017P039763,6,0,0,12,True,1,NA,False
EP00047P013042,8,25,1,22,True,1,NA,True
EP00768P006981,9,0,0,30,False,1,NA,False
EP00746P140587,5,0,0,25,True,1,NA,False
EP00747P197054,31,2,0,17,False,1,NA,True
EP01082P005345,3,0,0,15,True,1,NA,False
EP00799P005914,24,0,0,17,True,1,NA,False
EP00959P101294,41,0,0,30,True,1,NA,False
EP00873P017353,9,0,0,29,False,1,NA,False
EP00638P013361,13,20,0,27,False,1,NA,True
EP00428P015300,11,0,0,11,True,1,NA,False
EP01091P019139,8,56,6,30,False,1,NA,True
EP00096P011148,30,12,0,30,True,1,NA,True
EP00820P026837,5,0,0,12,False,1,NA,False
EP00851P010835,34,1,0,30,False,1,NA,True
EP00418P091754,19,0,0,21,False,1,NA,False
EP01062P046042,6,0,1,30,True,1,NA,False
EP00480P015345,10,2,0,14,False,1,NA,True
EP00439P027897,1,7,0,16,True,1,NA,True
XP_009690847.1,8,0,0,21,True,1,NA,False
EP00036P001341,3,0,0,27,True,1,NA,False
EP01124P026322,45,0,0,26,True,1,NA,False
EP00475P028585,7,0,0,30,False,1,NA,False
EP00971P138923,13,0,0,28,True,1,NA,False
EP00747P209362,7,55,7,29,False,1,NA,True
EP01116P011895,8,0,0,25,False,1,NA,False
EP00252P012816,19,12,0,24,False,1,NA,True
EP00455P045495,5,0,0,11,True,1,NA,False
EP01101P010846,3,0,0,24,True,1,NA,False
EP00128P000523,44,0,0,14,True,1,NA,False
EP00353P010384,5,0,0,13,True,1,NA,False
EP00279P022048,40,0,0,30,True,1,NA,False
EP00591P012463,9,27,0,17,False,1,NA,True
EP00168P014831,52,0,0,30,True,1,NA,False
EP01087P017288,2,15,0,14,False,1,NA,True
XP_013756878.1,36,0,0,30,False,1,NA,False
EP00761P007963,15,0,0,20,False,1,NA,False
EP00212P002649,19,49,0,27,False,1,NA,True
EP00650P004506,26,0,0,19,False,1,NA,False
EP01103P002928,5,0,0,14,False,1,NA,False
EP00519P005422,4,0,0,22,True,1,NA,False
EP00905P007879,17,53,0,27,False,1,NA,True
EP00533P007032,2,15,0,18,False,1,NA,True
NP_725227.2,28,0,0,13,True,1,NA,False
EP00405P014419,16,0,0,19,True,1,NA,False
EP00160P019852,3,0,2,16,True,1,NA,False
EP00802P015865,4,52,4,30,False,1,NA,True
EP01115P009657,1,10,0,11,True,1,NA,True
EP00839P002583,10,1,0,21,False,1,NA,True
EP00193P008844,37,0,0,30,True,1,NA,False
EP00004P024384,37,0,0,11,False,1,NA,False
EP00918P042847,1,30,0,12,True,1,NA,True
EP00558P007377,67,0,0,22,False,1,NA,False
EP00967P079721,11,0,0,14,True,1,NA,False
EP00079P033801,59,0,0,30,True,1,NA,False
EP00050P008232,41,0,0,30,True,1,NA,False
EP01126P013678,69,0,0,30,False,1,NA,False
EP00316P009326,5,0,0,12,True,1,NA,False
EP00080P007793,5,62,3,23,False,1,NA,True
EP00421P045624,11,13,0,10,False,1,NA,True
EP00632P002295,14,0,1,17,False,1,NA,False
EP00813P010522,3,65,2,9,False,1,NA,True
EP00297P013766,3,0,0,12,True,1,NA,False
EP00264P194048,13,0,0,26,True,1,NA,False
EP00536P008935,10,0,0,27,True,1,NA,False
EP01037P035027,26,0,44,20,False,1,NA,False
EP00344P006662,2,67,0,13,False,1,NA,True
EP01119P020859,25,0,0,20,True,1,NA,False
EP00747P113101,5,0,0,19,False,1,NA,False
EP00347P011293,12,6,0,25,False,1,NA,True
EP01117P018979,7,0,0,23,True,1,NA,False
EP00562P004093,64,0,0,15,False,1,NA,False
EP00527P000684,2,8,0,11,False,1,NA,True
EP00217P009271,15,51,3,30,False,1,NA,True
EP00746P079645,3,5,0,21,False,1,NA,True
EP01124P032343,3,67,0,13,False,1,NA,True
EP01050P048442,1,0,0,30,True,1,NA,False
EP00971P012723,25,0,0,30,True,1,NA,False
EP00058P000843,13,0,0,10,False,1,NA,False
EP01061P028156,12,30,0,16,False,1,NA,True
EP01084P177755,9,0,0,12,False,1,NA,False
EP00109P004458,1,17,0,30,True,1,NA,True
EP00004P009367,10,18,0,30,False,1,NA,True
EP01039P013922,6,0,0,11,True,1,NA,False
EP00264P046837,20,0,0,30,True,1,NA,False
EP00964P159924,13,0,0,30,False,1,NA,False
EP00887P000870,10,1,0,30,False,1,NA,True
EP00763P002753,3,0,0,30,True,1,NA,False
EP00775P008118,23,0,0,11,False,1,NA,False
EP00121P004903,11,1,1,30,False,1,NA,True
EP01132P019872,6,3,0,11,False,1,NA,True
EP00315P025217,66,0,0,27,False,1,NA,False
EP00747P096750,20,0,0,10,False,1,NA,False
EP00038P025147,21,0,0,12,True,1,NA,False
EP00429P029373,18,0,0,12,False,1,NA,False
EP00296P000547,3,67,0,30,False,1,NA,True
EP01059P025847,18,52,0,30,False,1,NA,True
EP00617P007663,12,52,0,20,False,1,NA,True
EP00279P018042,30,0,0,27,True,1,NA,False
EP00455P012452,13,0,0,23,True,1,NA,False
EP00268P031324,38,0,0,29,True,1,NA,False
EP01043P018202,70,0,0,14,False,1,NA,False
EP01093P013986,63,3,0,30,False,1,NA,True
EP01133P021361,30,0,0,14,False,1,NA,False
EP00854P018810,1,69,0,30,True,1,NA,True
EP00854P020609,3,0,0,15,True,1,NA,False
EP01083P127275,14,0,0,13,False,1,NA,False
EP00601P026238,9,18,0,27,False,1,NA,True
EP01095P015462,13,0,0,20,True,1,NA,False
EP00882P004032,7,0,0,14,True,1,NA,False
EP00440P049443,11,0,0,14,True,1,NA,False
EP00591P014068,5,0,0,24,True,1,NA,False
EP00845P012433,12,0,0,18,True,1,NA,False
EP00727P012246,10,1,0,21,False,1,NA,True
XP_032225354.1,7,0,0,11,True,1,NA,False
OSX72098.1,10,59,1,30,False,1,NA,True
EP01113P005610,12,0,0,11,True,1,NA,False
EP00919P056374,3,7,0,20,False,1,NA,True
EP00325P026953,18,52,0,30,False,1,NA,True
EP00012P006025,3,0,0,27,True,1,NA,False
EP00931P059512,9,0,0,30,False,1,NA,False
EP00747P007141,9,0,0,30,True,1,NA,False
EP00549P024110,14,0,0,30,False,1,NA,False
XP_002672790.1,23,29,0,28,False,1,NA,True
EP00192P024475,10,45,14,28,False,1,NA,True
EP01102P000042,9,21,0,11,False,1,NA,True
EP01110P007735,63,0,0,30,False,1,NA,False
EP00332P001973,6,0,3,25,False,1,NA,False
EP00759P024679,3,5,0,24,True,1,NA,True
EP01111P000090,3,11,0,30,False,1,NA,True
EP01030P012457,20,0,0,24,False,1,NA,False
EP00568P012971,9,0,0,18,False,1,NA,False
EP00308P013244,25,0,0,16,True,1,NA,False
EP00301P019617,53,0,4,27,False,1,NA,False
EP00932P008352,3,1,0,24,True,1,NA,True
EP00520P010597,7,0,0,10,True,1,NA,False
EP01084P316458,3,22,2,30,False,1,NA,True
EP00411P023624,3,65,2,22,False,1,NA,True
EP00406P043954,10,1,0,13,True,1,NA,True
EP00864P006467,19,0,0,26,True,1,NA,False
EP01052P044182,13,0,0,30,False,1,NA,False
EP01027P020413,8,3,0,30,True,1,NA,True
EP00136P009143,5,0,0,21,True,1,NA,False
EP00756P049918,1,42,0,17,True,1,NA,True
EP01116P000102,3,0,0,30,True,1,NA,False
EP00519P007481,9,57,4,30,False,1,NA,True
EP00254P027935,35,0,0,8,False,1,NA,False
EP00100P014603,21,0,0,30,False,1,NA,False
EP00170P004802,11,0,0,30,False,1,NA,False
EP00442P056987,40,0,0,10,True,1,NA,False
EP00828P003266,18,0,0,30,False,1,NA,False
EP00437P031692,13,0,0,11,True,1,NA,False
EP01105P014217,16,0,0,11,False,1,NA,False
EP01024P004834,18,0,0,19,False,1,NA,False
EP00357P035160,45,0,0,15,False,1,NA,False
EP00929P001579,8,33,0,14,False,1,NA,True
EP01027P023926,21,0,0,26,True,1,NA,False
EP00060P037496,35,0,0,14,True,1,NA,False
EP00755P026331,5,0,0,13,True,1,NA,False
EP00427P031252,7,19,0,30,False,1,NA,True
EP00943P002252,64,0,0,30,False,1,NA,False
EP01110P011731,63,0,0,14,False,1,NA,False
EP00283P012034,5,65,0,30,False,1,NA,True
EP00295P051272,5,61,4,18,False,1,NA,True
EP01124P003487,5,0,0,16,True,1,NA,False
KAA6362928.1,10,0,0,30,True,1,NA,False
SPQ98238.1,21,0,0,14,False,1,NA,False
EP00040P030100,6,0,0,17,False,1,NA,False
EP00798P006617,5,0,0,3,False,1,NA,False
EP01039P012262,46,0,0,30,False,1,NA,False
EP00437P064452,3,0,0,15,True,1,NA,False
EP00198P006613,10,0,1,24,False,1,NA,False
EP00889P001887,16,0,0,17,True,1,NA,False
EP00471P001305,7,0,0,25,True,1,NA,False
EP00076P046821,2,58,0,30,False,1,NA,True
EP00049P027118,1,8,0,30,True,1,NA,True
EP00918P057624,51,0,0,11,False,1,NA,False
EP01043P057013,24,1,0,30,False,1,NA,True
EP00958P000824,1,0,8,24,True,1,NA,False
EP01086P000482,10,0,0,19,False,1,NA,False
EP00605P002196,19,0,0,30,False,1,NA,False
EP00238P002020,44,0,0,30,True,1,NA,False
EP01038P019859,11,0,0,24,False,1,NA,False
EP00839P008633,5,0,0,24,False,1,NA,False
EP00299P000933,3,0,0,13,True,1,NA,False
EP00099P017866,8,0,0,18,True,1,NA,False
EP00747P053656,5,0,0,11,True,1,NA,False
EP01104P012182,10,0,26,28,False,1,NA,False
EP01104P009144,61,0,0,10,False,1,NA,False
EP00042P049398,47,0,0,10,False,1,NA,False
EP00231P008468,5,57,8,13,False,1,NA,True
EP00830P015399,32,0,0,14,True,1,NA,False
EP01106P018290,17,0,0,10,False,1,NA,False
EP00730P012327,10,0,0,12,False,1,NA,False
EP01126P008120,6,62,2,12,False,1,NA,True
EP00087P019374,7,0,0,10,False,1,NA,False
EP00633P009976,1,3,0,26,True,1,NA,True
EP01121P018085,7,0,0,30,True,1,NA,False
EP00708P006633,9,58,3,26,False,1,NA,True
EP00889P005384,64,4,0,30,False,1,NA,True
EP00134P010337,3,0,0,14,True,1,NA,False
EP01030P025684,11,0,0,16,False,1,NA,False
EP00060P001613,16,0,0,16,False,1,NA,False
EP01032P038306,16,13,0,15,False,1,NA,True
EP00123P006713,14,0,0,30,True,1,NA,False
EP00546P021947,4,25,0,22,False,1,NA,True
EP00188P001245,65,0,0,10,False,1,NA,False
EP00232P006112,14,52,3,20,False,1,NA,True
EP01133P026259,40,2,0,10,False,1,NA,True
EP00750P010428,16,9,0,29,False,1,NA,True
EP00291P019646,66,0,0,9,False,1,NA,False
EP00268P059842,6,0,0,23,True,1,NA,False
EP01037P036845,13,0,0,28,False,1,NA,False
EP01086P017022,1,3,0,18,True,1,NA,True
EP01094P025302,13,0,0,14,True,1,NA,False
EP00549P016147,33,0,0,30,False,1,NA,False
EP00628P006855,5,64,1,17,False,1,NA,True
EP00735P000798,1,10,0,27,True,1,NA,True
EP00470P015672,10,10,0,16,False,1,NA,True
EP00519P008036,51,0,0,12,False,1,NA,False
EP00919P037840,3,0,0,25,True,1,NA,False
EP00248P008680,3,0,0,30,True,1,NA,False
EP01030P017953,12,6,0,20,False,1,NA,True
EP00158P008044,32,0,13,25,False,1,NA,False
EP01097P010827,12,0,0,25,False,1,NA,False
EP00302P046903,6,11,0,11,False,1,NA,True
EP00307P013011,7,0,0,21,True,1,NA,False
EP00449P060715,7,1,22,30,False,1,NA,True
EP01103P002683,23,0,0,22,True,1,NA,False
EP00242P004536,28,0,0,8,True,1,NA,False
EP00903P020570,14,27,0,16,True,1,NA,True
EP01037P028108,3,67,0,30,False,1,NA,True
EP00227P001690,13,0,0,30,False,1,NA,False
EP01012P026759,14,0,0,30,False,1,NA,False
EP01122P000971,6,0,0,10,False,1,NA,False
EP00112P014398,12,0,0,30,True,1,NA,False
EP00927P053071,10,14,0,30,False,1,NA,True
EP00057P034690,13,49,0,11,False,1,NA,True
EP00295P013121,5,0,0,12,True,1,NA,False
EP00879P030544,2,0,23,30,False,1,NA,False
EP01099P005858,8,0,0,15,True,1,NA,False
EP00130P008269,8,0,0,11,True,1,NA,False
EP00074P040718,18,0,34,30,False,1,NA,False
EP00705P056800,26,0,0,12,False,1,NA,False
EP00051P025233,9,54,7,26,False,1,NA,True
EP00591P002349,4,64,2,14,False,1,NA,True
EP00741P004730,19,0,1,24,False,1,NA,False
EP00850P019627,12,0,0,30,False,1,NA,False
EP00485P005789,5,0,0,28,True,1,NA,False
EP00553P013213,3,5,0,15,True,1,NA,True
EP00290P016237,1,3,0,16,True,1,NA,True
EP00603P005816,1,3,0,18,True,1,NA,True
EP01031P003109,17,0,0,15,False,1,NA,False
EP00862P000162,26,0,0,11,True,1,NA,False
EP00929P054749,4,1,0,26,False,1,NA,True
EP00854P001153,35,0,0,13,False,1,NA,False
EP01022P035889,7,4,0,30,False,1,NA,True
EP01095P010391,10,0,0,30,True,1,NA,False
EP01008P000588,18,0,0,12,False,1,NA,False
EP01122P013727,14,35,0,30,False,1,NA,True
EP00639P007280,8,0,0,24,True,1,NA,False
EP00998P006528,6,52,11,30,False,1,NA,True
EP00605P002116,13,0,0,30,False,1,NA,False
EP00864P005518,6,19,0,14,False,1,NA,True
EP01025P030390,10,0,0,30,True,1,NA,False
EP00592P002722,1,48,0,19,True,1,NA,True
EP00028P003004,26,0,0,30,False,1,NA,False
EP00091P014242,14,0,0,30,False,1,NA,False
EP00796P006000,17,53,0,30,False,1,NA,True
EP00905P001954,3,0,0,10,True,1,NA,False
EP00919P021277,7,0,0,30,False,1,NA,False
EP00041P027541,9,6,0,30,False,1,NA,True
OLP77364.1,1,10,0,18,True,1,NA,True
EP00026P022930,8,0,0,21,False,1,NA,False
EP00312P032026,18,10,0,19,False,1,NA,True
EP00123P004985,14,0,0,10,False,1,NA,False
EP00997P004403,22,0,0,14,True,1,NA,False
EP00072P061569,2,0,31,30,False,1,NA,False
EP00928P004511,9,0,0,30,False,1,NA,False
EP00070P032264,65,0,0,30,True,1,NA,False
EP01083P064007,4,2,0,30,False,1,NA,True
EP01090P013071,3,0,0,26,True,1,NA,False
EP00745P045739,3,0,0,22,True,1,NA,False
EP00830P005345,3,0,0,29,True,1,NA,False
EP01156P015862,6,0,0,14,True,1,NA,False
EP00775P007635,5,0,0,29,False,1,NA,False
EP01087P000759,5,32,0,14,False,1,NA,True
EP01036P048124,5,0,0,17,False,1,NA,False
EP00211P012526,8,0,0,11,True,1,NA,False
EP00923P018850,29,0,0,13,False,1,NA,False
EP00414P000401,5,0,0,21,True,1,NA,False
EP00611P025371,19,0,0,30,False,1,NA,False
EP00306P017339,41,0,0,16,True,1,NA,False
EP00421P029294,17,0,0,30,False,1,NA,False
XP_018651959.1,16,40,14,30,False,1,NA,True
EP00742P027166,5,0,0,14,False,1,NA,False
GBG74526.1,28,0,0,11,True,1,NA,False
EP00083P020535,5,0,0,16,True,1,NA,False
EP01033P021667,6,1,0,18,False,1,NA,True
OLP97524.1,7,0,0,11,True,1,NA,False
EP01052P017565,8,7,0,29,True,1,NA,True
EP00951P014860,7,0,0,19,True,1,NA,False
KAA0173095.1,40,0,0,30,False,1,NA,False
EP00088P040409,9,0,0,30,True,1,NA,False
EP00231P004059,3,0,1,30,False,1,NA,False
EP00808P016661,3,0,0,24,True,1,NA,False
EP00315P051159,11,0,0,21,False,1,NA,False
EP00261P011152,7,31,2,30,False,1,NA,True
EP00112P000656,3,0,0,30,True,1,NA,False
EP00153P001394,11,8,0,30,False,1,NA,True
EP00092P105052,9,38,2,30,False,1,NA,True
EP01118P014364,3,0,0,30,True,1,NA,False
EP01105P019709,9,0,0,27,True,1,NA,False
EP00127P007318,11,3,0,30,True,1,NA,True
EP00882P019218,3,0,0,15,True,1,NA,False
EP00650P012922,5,0,0,11,True,1,NA,False
EP00357P032774,10,29,0,30,False,1,NA,True
EP00962P037362,5,0,0,14,False,1,NA,False
EP00240P001786,5,30,0,16,False,1,NA,True
EP00270P012979,8,2,0,28,False,1,NA,True
EP01084P204970,8,62,0,30,False,1,NA,True
EP00650P010264,15,0,0,30,False,1,NA,False
EP00438P026498,12,0,0,30,True,1,NA,False
EP00630P004036,19,0,0,16,True,1,NA,False
EP01036P060868,26,0,0,26,False,1,NA,False
EP00815P007206,31,0,0,30,True,1,NA,False
EP01041P015404,4,65,0,30,False,1,NA,True
EP00041P024298,31,0,0,29,False,1,NA,False
EP00300P020437,12,0,0,30,True,1,NA,False
EP00404P015745,14,0,0,19,True,1,NA,False
EP00947P001296,14,10,0,11,False,1,NA,True
EP00908P009879,5,0,0,18,False,1,NA,False
XP_007717637.1,17,41,12,16,False,1,NA,True
EP00675P007564,40,0,0,24,False,1,NA,False
EP00026P001253,19,0,0,26,True,1,NA,False
EP00759P002771,4,65,0,21,False,1,NA,True
EP00746P054047,9,57,4,29,False,1,NA,True
EP00298P010285,5,65,0,30,False,1,NA,True
EP00611P014027,7,0,0,29,False,1,NA,False
EP00264P148145,1,41,0,29,True,1,NA,True
EP01096P001209,3,0,0,30,True,1,NA,False
EP00792P013335,8,61,1,24,False,1,NA,True
EP01067P005428,3,0,0,12,True,1,NA,False
EP00898P001008,15,2,0,11,False,1,NA,True
EP00334P013151,43,0,0,30,True,1,NA,False
EP00614P003228,3,0,0,23,True,1,NA,False
EP00121P011283,3,0,0,13,True,1,NA,False
EP00403P039948,3,0,0,24,True,1,NA,False
EP00768P002985,28,11,3,11,False,1,NA,True
EP00334P014257,9,38,0,30,False,1,NA,True
EP00281P003790,32,20,0,14,False,1,NA,True
EP01095P004685,46,0,0,24,False,1,NA,False
EP00511P000333,4,24,0,30,False,1,NA,True
EP01029P026740,4,66,0,27,False,1,NA,True
EP00350P002986,7,0,0,15,False,1,NA,False
EP00847P003455,9,0,0,30,False,1,NA,False
EP00642P005492,5,0,0,10,True,1,NA,False
EP00861P008421,24,1,0,30,False,1,NA,True
EP00891P002694,8,0,0,30,False,1,NA,False
EP00668P047964,3,0,0,30,False,1,NA,False
EP00737P001260,34,0,13,30,False,1,NA,False
EP00117P024025,3,0,0,30,True,1,NA,False
EP00026P006672,5,0,0,16,False,1,NA,False
EP01133P026400,12,56,2,30,False,1,NA,True
EP01034P001992,11,0,0,30,False,1,NA,False
EP00922P031128,10,0,0,21,False,1,NA,False
EP00747P131841,3,0,0,17,True,1,NA,False
EP01083P281512,18,36,3,30,False,1,NA,True
EP01135P001095,4,65,0,30,False,1,NA,True
EP00906P003759,3,0,0,30,True,1,NA,False
EP00644P017365,9,7,10,30,False,1,NA,True
EP00628P029003,5,0,0,22,False,1,NA,False
EP00290P001106,66,0,0,16,False,1,NA,False
EP00475P010882,47,0,0,12,False,1,NA,False
EP00823P006125,1,5,0,25,True,1,NA,True
EP00747P087042,5,0,0,11,False,1,NA,False
EP01093P004483,21,1,1,24,False,1,NA,True
EP00931P077908,4,44,0,27,False,1,NA,True
EP01110P005279,7,0,0,24,False,1,NA,False
EP00831P058187,25,0,0,30,False,1,NA,False
EP01023P057406,40,10,0,12,False,1,NA,True
EP00006P011000,10,6,0,16,False,1,NA,True
EP00652P013918,20,0,0,18,True,1,NA,False
EP00380P001516,6,0,0,22,False,1,NA,False
EP00303P017104,6,0,0,26,False,1,NA,False
EP00462P016368,40,0,0,30,False,1,NA,False
EP00173P000413,31,0,0,13,True,1,NA,False
EP00797P005891,3,0,0,10,True,1,NA,False
EP00932P008450,5,0,0,30,False,1,NA,False
EP00341P009563,1,10,0,12,True,1,NA,True
EP01045P042634,7,0,0,10,True,1,NA,False
EP00751P000864,3,0,0,18,True,1,NA,False
EP00675P005802,7,0,0,10,False,1,NA,False
EP00930P076866,6,0,0,16,True,1,NA,False
EP00353P012757,15,3,0,29,False,1,NA,True
EP00282P006570,5,0,0,12,True,1,NA,False
EP00732P007280,5,0,0,11,False,1,NA,False
EP01066P004342,12,0,0,11,True,1,NA,False
EP00440P052724,29,0,0,13,True,1,NA,False
EP01119P011064,10,8,0,23,False,1,NA,True
EP00882P027099,11,0,0,18,False,1,NA,False
EP01094P005518,29,0,0,24,True,1,NA,False
EP00706P019601,18,0,0,12,False,1,NA,False
EP00040P024835,11,0,0,15,True,1,NA,False
EP00931P121841,69,0,0,25,True,1,NA,False
EP00555P006718,9,0,0,17,True,1,NA,False
EP00746P107579,10,0,0,28,True,1,NA,False
EP01061P008716,52,0,0,20,False,1,NA,False
